student_id,sex,age,parent_status,study_time,failures,activities,tutored,currently_dating,higher_edu,family_relationship,free_time,go_out,workday_alcohol,weekend_alcohol,health_status,absences,s1_grade,s2_grade,final_grade
1000,F,18,A,2,0,no,no,no,yes,4,3,4,1,1,3,6,F,F,F
1001,F,17,T,2,0,no,no,no,yes,5,3,3,1,1,3,4,F,F,F
1002,F,15,T,2,3,no,yes,no,yes,4,3,2,2,3,3,10,F,F,C
1003,F,15,T,3,0,yes,yes,yes,yes,3,2,2,1,1,5,2,B,B,B
1004,F,16,T,2,0,no,yes,no,yes,4,3,2,1,2,5,4,F,C,C
1005,M,16,T,2,0,yes,yes,no,yes,5,4,2,1,2,5,10,B,B,B
1006,M,16,T,2,0,no,no,no,yes,4,4,4,1,1,3,0,C,C,C
1007,F,17,A,2,0,no,no,no,yes,4,1,4,1,1,1,6,F,F,F
1008,M,15,A,2,0,no,yes,no,yes,4,2,2,1,1,1,0,A,A+,A+
1009,M,15,T,2,0,yes,yes,no,yes,5,5,1,1,1,5,0,B,B,B
1010,F,15,T,2,0,no,yes,no,yes,3,3,3,1,2,2,0,C,F,F
1011,F,15,T,3,0,yes,no,no,yes,5,2,2,1,1,4,4,C,C,C
1012,M,15,T,1,0,yes,yes,no,yes,4,3,3,1,3,5,2,B,B,B
1013,M,15,T,2,0,no,yes,no,yes,5,4,3,1,2,3,2,C,C,C
1014,M,15,A,3,0,no,no,yes,yes,4,5,2,1,1,3,0,B,A,A
1015,F,16,T,1,0,no,no,no,yes,4,4,4,1,2,2,4,B,B,B
1016,F,16,T,3,0,yes,yes,no,yes,3,2,3,1,2,2,6,C,B,B
1017,F,16,T,2,0,yes,no,no,yes,5,3,2,1,1,4,4,F,C,C
1018,M,17,T,1,3,yes,no,no,yes,5,5,5,2,4,5,16,F,F,F
1019,M,16,T,1,0,yes,yes,no,yes,3,1,3,1,3,5,4,F,C,C
1020,M,15,T,2,0,no,no,no,yes,4,4,1,1,1,1,0,C,B,B
1021,M,15,T,1,0,no,yes,no,yes,5,4,2,1,1,5,0,C,B,B
1022,M,16,T,2,0,yes,no,no,yes,4,5,1,1,3,5,2,B,B,A
1023,M,16,T,2,0,yes,no,no,yes,5,4,4,2,4,5,0,C,C,C
1024,F,15,T,3,0,yes,yes,no,yes,4,3,2,1,1,5,2,C,F,F
1025,F,16,T,1,2,no,yes,no,yes,1,2,2,1,3,5,14,F,F,F
1026,M,15,T,1,0,no,yes,no,yes,4,2,2,1,2,5,2,C,C,C
1027,M,15,T,1,0,no,yes,no,yes,2,2,4,2,4,1,4,B,A,B
1028,M,16,A,2,0,yes,no,no,yes,5,3,3,1,1,5,4,C,C,C
1029,M,16,T,2,0,yes,yes,yes,yes,4,4,5,5,5,5,16,C,C,C
1030,M,15,T,2,0,no,yes,no,yes,5,4,2,3,4,5,0,F,C,C
1031,M,15,T,2,0,yes,no,no,yes,4,3,1,1,1,5,0,A,A,A
1032,M,15,T,2,0,yes,no,yes,yes,4,5,2,1,1,5,0,A,A,A
1033,M,15,T,2,0,yes,no,no,yes,5,3,2,1,1,2,0,F,C,C
1034,M,16,T,1,0,no,yes,no,yes,5,4,3,1,1,5,0,C,B,B
1035,F,15,T,1,0,yes,no,no,yes,3,5,1,1,1,5,0,F,F,F
1036,M,15,T,3,0,yes,no,no,yes,5,4,3,1,1,4,2,B,A,A+
1037,M,16,A,3,0,yes,no,yes,yes,2,4,3,1,1,5,7,B,A,B
1038,F,15,T,3,0,yes,yes,no,yes,4,3,2,1,1,5,2,C,C,C
1039,F,15,T,1,0,yes,yes,no,yes,4,3,1,1,1,2,8,B,C,C
1040,F,16,T,2,1,yes,no,yes,yes,3,3,3,1,2,3,25,F,C,C
1041,M,15,T,1,0,no,no,yes,yes,5,4,3,2,4,5,8,C,C,C
1042,M,15,T,2,0,yes,no,no,yes,4,3,3,1,1,5,2,A+,A+,A+
1043,M,15,T,1,0,no,no,no,yes,5,4,1,1,1,1,0,F,F,C
1044,F,16,T,2,1,yes,no,no,yes,4,3,3,2,2,5,14,C,C,F
1045,F,15,A,2,0,yes,yes,yes,yes,5,2,2,1,1,5,8,F,F,F
1046,F,16,A,2,0,no,no,no,yes,2,3,5,1,4,3,12,C,C,C
1047,M,16,T,4,0,yes,no,no,yes,4,2,2,1,1,2,4,A+,A+,A+
1048,M,15,T,2,0,no,yes,no,yes,4,3,3,2,2,5,2,B,B,B
1049,F,15,T,2,1,yes,no,no,yes,4,4,4,1,1,3,2,F,F,F
1050,F,16,T,2,0,no,yes,no,yes,4,3,3,2,3,4,2,C,C,C
1051,F,15,T,2,0,no,yes,no,yes,4,3,3,1,1,5,2,C,C,C
1052,M,15,A,1,1,no,no,no,yes,5,5,5,3,4,5,6,C,C,C
1053,F,15,T,1,0,no,yes,no,yes,3,3,4,2,3,5,0,F,C,C
1054,F,15,A,1,0,no,yes,no,yes,5,3,4,4,4,1,6,C,C,C
1055,F,16,A,2,0,yes,yes,yes,yes,5,3,4,1,1,2,8,F,F,C
1056,F,15,A,2,0,yes,yes,no,yes,4,3,2,1,1,1,0,B,B,B
1057,M,15,T,2,0,yes,no,no,yes,3,2,2,1,1,5,4,B,B,B
1058,M,15,T,2,0,yes,no,no,yes,4,3,2,1,1,5,2,F,C,F
1059,F,16,T,2,0,no,no,no,yes,4,2,3,1,1,5,2,B,A,A
1060,F,16,T,2,0,yes,no,no,yes,2,4,4,2,3,4,6,C,C,C
1061,F,16,T,1,0,yes,no,yes,yes,5,5,5,5,5,5,6,C,F,C
1062,F,16,T,2,0,yes,no,no,yes,4,4,3,1,1,1,4,F,C,F
1063,F,16,T,3,0,yes,yes,no,yes,3,4,4,2,4,4,2,C,F,F
1064,F,15,T,2,0,yes,no,yes,yes,4,4,4,2,4,2,0,C,C,C
1065,F,16,T,2,0,yes,no,no,yes,5,4,3,1,2,1,2,A,B,B
1066,M,15,A,4,0,yes,no,yes,yes,1,3,3,5,5,3,4,C,C,C
1067,F,16,T,4,0,no,yes,no,yes,4,3,3,1,2,5,4,F,F,F
1068,F,15,T,2,0,no,yes,no,yes,4,1,3,1,3,4,2,F,F,F
1069,F,15,T,4,0,no,no,no,yes,4,4,2,2,3,3,12,A,A,A
1070,M,16,T,4,0,no,yes,no,yes,4,3,2,1,1,5,0,C,B,B
1071,M,15,T,4,0,no,no,no,yes,3,3,3,1,1,3,0,C,C,C
1072,F,15,T,2,2,no,no,yes,yes,3,3,4,2,4,5,2,F,F,F
1073,M,16,T,1,0,yes,no,no,yes,5,3,2,2,2,5,2,C,C,B
1074,F,16,T,2,0,yes,yes,no,yes,4,3,3,2,4,5,54,C,C,C
1075,M,15,T,2,0,yes,yes,no,yes,4,3,3,2,3,5,6,F,F,C
1076,M,15,T,4,0,yes,no,no,yes,3,4,3,1,1,1,8,C,C,C
1077,F,16,T,4,0,no,yes,yes,yes,5,2,3,1,3,3,0,C,C,C
1078,M,17,T,1,3,yes,no,no,no,4,5,1,1,1,3,2,F,F,C
1079,F,16,T,2,0,no,no,no,yes,2,4,3,1,2,3,12,F,F,F
1080,M,15,T,1,0,yes,yes,yes,yes,3,2,2,1,3,3,2,C,C,C
1081,M,15,T,3,0,no,yes,no,yes,5,3,2,1,2,5,4,C,C,C
1082,F,15,T,2,0,no,yes,no,yes,4,4,4,1,1,5,10,F,F,F
1083,M,15,T,2,0,yes,yes,no,yes,5,3,3,1,3,4,4,B,B,B
1084,F,15,T,2,0,yes,no,no,yes,4,3,2,2,3,4,2,F,C,C
1085,F,15,T,2,2,no,yes,yes,yes,4,4,4,2,3,5,6,F,F,F
1086,F,16,T,2,0,no,no,no,yes,4,3,4,1,2,2,4,F,F,F
1087,F,15,T,3,0,yes,no,no,yes,5,3,3,1,3,1,4,C,B,B
1088,M,16,T,2,1,yes,yes,no,yes,4,4,2,1,1,3,12,C,C,C
1089,M,16,A,2,0,no,no,no,yes,4,1,3,3,5,5,18,F,F,F
1090,F,16,T,3,0,no,yes,yes,yes,4,3,3,1,3,4,0,F,F,F
1091,F,15,T,1,0,yes,yes,no,yes,4,5,5,1,3,1,4,A,A,A+
1092,F,16,T,2,0,no,no,no,yes,3,3,3,2,3,2,4,F,F,F
1093,F,16,T,2,0,yes,yes,no,yes,5,3,3,1,1,1,0,C,C,C
1094,M,15,T,4,0,yes,no,no,yes,4,3,4,1,1,4,6,C,C,B
1095,F,15,T,4,1,yes,yes,no,yes,3,1,2,1,1,1,2,F,C,C
1096,M,16,T,1,0,yes,no,no,yes,3,3,3,1,1,4,2,C,B,B
1097,F,16,T,2,0,no,yes,yes,yes,4,3,5,1,1,5,2,F,F,C
1098,F,16,T,1,0,yes,no,no,yes,5,3,4,1,2,1,6,C,B,B
1099,F,16,T,3,0,no,yes,no,yes,5,3,5,1,1,3,0,F,F,F
1100,M,16,T,1,0,yes,yes,no,yes,4,5,5,5,5,4,14,F,F,F
1101,M,16,T,3,0,yes,no,yes,yes,4,4,3,1,1,4,0,A,A,A
1102,M,15,T,1,0,yes,no,no,yes,5,3,3,1,1,5,4,C,C,B
1103,F,15,T,2,0,no,yes,no,yes,4,3,5,1,1,2,26,F,F,F
1104,M,15,A,2,0,yes,yes,no,yes,5,4,4,1,1,1,0,A,A+,A+
1105,F,15,A,4,0,no,no,no,yes,4,3,3,1,1,4,10,C,C,C
1106,F,15,T,4,0,no,yes,no,yes,5,1,2,1,1,3,8,F,F,F
1107,M,16,T,3,0,yes,no,no,yes,5,3,3,1,1,5,2,A,A+,A+
1108,M,15,T,4,0,yes,yes,yes,yes,1,3,5,3,5,1,6,C,C,C
1109,F,16,T,3,0,yes,yes,yes,yes,5,4,5,1,1,4,4,B,B,A
1110,M,15,A,1,0,yes,no,no,yes,5,5,3,1,1,4,6,A+,A+,A+
1111,F,16,T,3,1,yes,no,no,yes,4,1,2,1,1,2,0,F,C,C
1112,F,16,T,2,1,yes,no,no,yes,3,1,2,1,1,5,6,C,C,C
1113,M,15,T,1,0,no,no,no,yes,3,5,2,1,1,3,10,A+,A+,A+
1114,M,15,T,2,0,yes,no,yes,yes,5,4,2,1,1,5,8,F,F,F
1115,M,16,T,2,0,yes,no,no,yes,5,4,4,1,2,5,2,B,B,A
1116,M,15,T,2,0,yes,no,no,yes,4,4,3,1,1,2,2,C,C,B
1117,M,16,T,1,0,yes,no,no,yes,5,4,2,1,1,5,0,C,B,C
1118,M,17,T,2,1,yes,no,no,yes,5,2,4,1,4,5,20,F,F,F
1119,M,15,T,1,0,no,no,no,yes,3,4,3,1,2,4,6,B,C,C
1120,F,15,T,2,0,no,no,no,yes,3,2,3,1,2,1,2,A,B,B
1121,M,15,T,4,0,yes,yes,no,yes,5,5,4,1,2,5,6,A,B,B
1122,F,16,T,2,0,yes,yes,yes,yes,4,2,2,1,2,5,2,C,C,C
1123,M,16,T,1,0,yes,no,no,yes,3,4,4,1,4,5,18,B,C,C
1124,F,16,T,2,0,no,yes,yes,yes,5,4,4,1,1,5,0,F,F,F
1125,M,15,T,1,0,no,no,no,yes,5,5,5,3,2,5,0,C,C,C
1126,F,15,A,2,0,yes,no,yes,yes,5,3,2,1,1,1,0,F,C,C
1127,F,19,T,2,3,no,no,no,no,3,4,2,1,1,5,2,F,F,F
1128,M,18,T,1,2,yes,no,no,yes,3,3,3,1,2,4,0,F,F,F
1129,M,16,T,1,0,yes,yes,no,yes,3,5,5,2,5,4,8,A+,A+,A+
1130,F,15,T,3,2,no,no,yes,yes,4,2,2,2,2,5,0,C,F,F
1131,F,15,T,1,0,yes,no,yes,yes,4,3,3,1,2,4,0,F,F,F
1132,F,17,T,1,0,no,no,yes,yes,3,4,4,1,3,5,12,C,C,C
1133,F,16,A,1,0,no,no,no,yes,3,2,1,1,4,5,16,C,C,C
1134,M,15,T,2,0,no,no,yes,yes,5,3,3,1,1,5,0,F,F,F
1135,F,15,T,3,0,yes,no,yes,yes,4,3,3,1,1,5,0,C,F,F
1136,M,17,T,2,0,no,no,no,yes,5,4,5,2,4,5,0,C,F,F
1137,F,16,A,1,2,yes,no,yes,yes,4,3,2,1,1,5,0,F,F,F
1138,M,16,T,2,1,no,no,yes,yes,4,4,4,1,3,5,0,B,C,C
1139,F,15,T,1,0,yes,no,no,yes,4,3,2,1,1,5,0,A,A,B
1140,M,15,T,4,0,no,no,no,yes,2,2,2,1,1,3,0,F,F,F
1141,M,16,T,1,2,yes,no,no,yes,2,3,3,2,2,2,8,F,F,F
1142,F,15,T,3,0,yes,yes,no,yes,4,2,2,1,1,5,2,F,C,C
1143,F,16,T,1,0,no,no,no,yes,3,4,4,3,3,1,2,B,B,C
1144,M,17,T,1,3,no,no,no,yes,5,4,5,1,2,5,0,F,F,F
1145,F,15,T,2,0,no,yes,no,yes,4,4,2,1,2,5,0,F,C,C
1146,F,15,T,2,3,no,no,no,yes,3,3,2,1,1,3,0,F,F,F
1147,F,15,T,2,0,no,yes,no,yes,4,3,2,1,1,5,2,C,C,C
1148,M,16,T,1,0,no,no,yes,no,3,3,2,2,1,5,0,F,F,F
1149,M,15,A,1,3,no,no,no,yes,4,5,5,2,5,5,0,F,F,C
1150,M,18,T,1,3,no,no,yes,no,2,3,5,2,5,4,0,F,F,F
1151,M,16,T,1,1,yes,no,yes,yes,4,4,4,3,5,5,6,C,C,B
1152,F,15,T,3,2,yes,yes,yes,yes,4,2,1,2,3,3,8,C,C,C
1153,M,19,T,1,3,no,no,yes,no,4,5,4,1,1,4,0,F,F,F
1154,F,17,T,1,0,no,no,yes,yes,4,2,1,1,1,4,0,C,C,C
1155,M,15,T,2,0,yes,yes,no,yes,4,4,4,1,1,1,2,C,F,F
1156,M,17,T,1,0,no,no,no,yes,2,2,2,3,3,5,8,A,C,C
1157,F,18,T,1,3,yes,no,no,yes,5,2,5,1,5,4,6,F,F,C
1158,M,16,T,1,0,no,no,no,yes,4,2,2,1,2,3,2,A,B,B
1159,M,16,T,2,1,no,yes,yes,yes,4,5,5,4,4,5,4,C,C,C
1160,M,17,T,1,2,yes,no,yes,no,3,3,2,2,2,5,0,F,F,F
1161,M,15,T,2,2,no,no,yes,yes,4,4,4,1,4,3,6,F,F,F
1162,M,16,T,1,1,yes,no,no,yes,4,4,4,2,4,5,0,F,F,F
1163,M,17,T,1,0,no,no,no,no,5,3,3,1,4,2,2,C,C,C
1164,M,17,T,2,3,yes,no,yes,no,5,3,5,1,5,5,0,F,F,F
1165,M,16,T,1,1,yes,no,no,no,4,5,2,1,1,2,16,C,C,C
1166,M,16,T,2,0,no,no,no,no,4,3,5,2,4,4,4,C,C,C
1167,F,16,T,2,0,no,yes,yes,yes,4,2,3,1,1,3,0,B,B,A
1168,F,16,T,2,0,no,yes,no,yes,5,1,5,1,1,4,0,F,F,F
1169,F,16,T,2,0,no,yes,yes,yes,4,4,2,1,1,3,0,B,B,B
1170,M,16,T,1,2,yes,no,no,yes,3,4,5,2,4,2,0,F,F,F
1171,M,16,T,2,0,yes,yes,yes,yes,4,3,2,1,1,3,2,C,B,A
1172,M,17,T,2,0,yes,yes,no,yes,4,4,4,1,3,5,0,C,C,C
1173,F,16,T,2,3,yes,no,yes,yes,4,3,5,1,1,3,0,F,F,F
1174,F,16,T,2,0,yes,yes,no,yes,4,4,5,1,1,4,4,C,C,F
1175,M,17,T,2,0,yes,yes,no,yes,4,4,4,4,4,4,4,C,F,F
1176,F,16,T,2,0,yes,yes,no,yes,3,4,4,1,4,5,2,C,C,C
1177,M,17,T,2,0,yes,no,no,yes,4,3,4,1,4,4,4,F,F,F
1178,M,16,T,1,0,yes,no,yes,yes,4,3,3,3,4,3,10,C,F,F
1179,M,17,T,2,0,yes,no,yes,yes,5,2,3,1,1,2,4,C,C,C
1180,M,16,T,2,0,yes,yes,no,yes,3,4,3,2,3,3,10,F,F,F
1181,M,16,T,2,0,yes,yes,yes,yes,4,2,3,1,2,3,2,C,C,C
1182,F,17,T,2,0,yes,no,no,yes,5,4,2,2,3,5,0,A,A,A
1183,F,17,T,2,0,yes,no,yes,yes,5,3,3,2,3,1,56,F,F,F
1184,F,16,T,2,0,no,yes,no,yes,1,2,2,1,2,1,14,C,C,C
1185,M,17,T,2,0,yes,no,yes,yes,4,3,4,2,3,4,12,C,C,C
1186,M,16,T,1,0,yes,yes,yes,yes,3,3,3,1,2,3,2,C,C,C
1187,M,16,T,2,0,yes,yes,yes,yes,4,2,3,1,2,5,0,B,B,B
1188,F,17,A,2,0,no,no,yes,yes,3,3,3,1,3,3,6,F,F,F
1189,M,17,T,2,0,no,no,no,yes,3,1,3,1,5,3,4,F,F,C
1190,F,16,T,2,0,no,no,no,yes,4,3,3,1,1,2,10,C,C,C
1191,F,17,T,2,0,yes,no,no,yes,5,3,3,1,1,3,0,F,F,F
1192,M,17,T,2,0,yes,yes,no,yes,4,4,4,4,5,5,12,F,F,F
1193,M,16,T,1,0,yes,no,no,yes,4,3,2,3,4,5,8,F,F,C
1194,M,16,T,1,0,no,no,no,yes,5,3,3,1,1,3,0,C,B,B
1195,F,17,T,2,0,yes,no,yes,yes,4,3,2,1,1,5,0,B,B,B
1196,M,17,T,1,0,no,no,no,yes,5,2,3,1,2,5,4,A,B,A
1197,M,16,T,1,0,yes,yes,no,yes,3,3,4,3,5,3,8,F,F,C
1198,F,17,T,1,1,no,no,no,yes,4,2,4,2,3,2,24,A+,A+,A+
1199,F,16,T,2,0,no,yes,no,yes,4,5,2,1,2,3,0,F,F,C
1200,F,16,T,2,0,yes,no,no,yes,4,3,5,1,5,2,2,A,A,A
1201,F,16,T,2,0,yes,yes,no,yes,4,4,3,1,3,4,6,F,C,C
1202,F,17,T,2,0,no,yes,no,yes,4,4,4,1,3,1,4,F,F,C
1203,F,17,T,1,0,no,no,no,yes,5,3,2,1,2,3,18,F,F,F
1204,F,16,T,4,0,yes,yes,no,yes,5,3,5,1,1,5,6,C,C,C
1205,F,17,T,3,1,no,yes,yes,yes,4,4,3,3,4,5,28,C,F,F
1206,F,16,A,2,3,no,yes,no,yes,2,3,3,2,2,4,5,F,F,F
1207,F,16,T,2,0,yes,yes,yes,yes,1,3,2,1,1,1,10,C,C,C
1208,F,16,T,1,0,no,yes,no,yes,4,3,2,1,4,5,6,F,F,C
1209,F,17,T,3,0,yes,yes,yes,yes,4,4,2,1,1,4,6,F,F,F
1210,F,19,T,4,0,yes,yes,no,yes,4,3,3,1,2,3,10,F,F,F
1211,M,17,T,2,0,no,yes,yes,yes,5,3,5,4,5,3,13,C,C,C
1212,F,16,A,2,0,no,yes,no,yes,3,3,4,1,1,4,0,C,C,B
1213,M,18,T,2,1,yes,yes,no,yes,4,4,4,2,4,5,15,F,F,F
1214,F,17,T,1,0,no,yes,no,yes,5,2,1,1,2,3,12,F,C,C
1215,F,17,T,2,0,no,yes,no,yes,4,4,4,1,3,1,2,B,B,B
1216,F,17,T,2,2,no,yes,yes,yes,3,4,5,2,4,1,22,F,F,F
1217,M,18,T,2,1,no,yes,no,yes,3,2,4,2,4,4,13,F,F,F
1218,F,17,T,1,0,no,yes,no,yes,3,3,3,1,4,3,3,F,F,F
1219,F,17,T,3,0,yes,yes,no,yes,4,3,3,1,1,4,4,F,C,C
1220,F,17,T,2,0,yes,no,no,yes,4,2,5,1,2,5,2,F,F,F
1221,F,17,T,3,1,yes,no,yes,yes,4,3,4,1,1,5,0,F,F,F
1222,F,16,T,2,0,no,no,no,yes,2,3,1,1,1,3,2,A,A,A
1223,M,18,T,2,0,no,yes,no,yes,3,3,3,5,5,4,0,C,C,C
1224,F,16,T,3,0,yes,no,no,yes,5,3,2,1,1,5,0,C,C,B
1225,F,18,T,2,1,yes,no,yes,yes,5,3,3,1,1,4,16,F,F,F
1226,F,17,T,2,0,yes,no,no,yes,5,3,4,1,3,3,10,A,B,B
1227,M,17,T,2,0,no,yes,no,yes,5,3,3,1,3,3,2,C,C,C
1228,M,18,T,2,0,yes,yes,yes,yes,4,3,2,4,5,3,14,C,F,F
1229,F,17,A,3,0,yes,no,yes,yes,3,2,3,1,2,3,10,C,C,C
1230,F,17,T,2,0,yes,no,yes,yes,3,2,3,1,2,3,14,C,C,B
1231,M,17,T,2,0,yes,yes,no,yes,4,5,2,1,1,1,4,C,C,C
1232,M,17,T,2,0,yes,no,yes,yes,4,5,5,1,3,2,14,C,F,F
1233,M,16,T,2,0,yes,yes,no,yes,4,2,4,2,4,1,2,B,C,C
1234,M,16,T,2,0,no,yes,no,yes,3,4,2,1,1,5,18,F,F,F
1235,M,16,T,3,0,yes,no,yes,yes,5,3,3,1,3,2,10,C,F,C
1236,M,17,T,2,0,yes,yes,yes,yes,4,4,2,5,5,4,4,B,C,C
1237,F,16,T,1,0,no,no,yes,yes,4,5,2,1,1,5,20,C,C,C
1238,F,17,T,2,0,yes,no,no,yes,2,1,1,1,1,3,2,C,C,C
1239,M,18,T,2,1,no,no,no,no,5,5,4,3,5,2,0,F,F,F
1240,M,17,T,2,0,yes,no,yes,yes,2,5,5,1,4,5,14,C,C,C
1241,M,17,A,2,0,no,yes,no,yes,3,3,3,2,3,4,2,C,C,C
1242,M,16,T,1,0,yes,no,no,yes,5,4,5,1,1,3,0,F,F,F
1243,M,16,T,1,0,yes,no,no,yes,5,3,2,1,2,5,0,C,C,C
1244,F,18,T,3,0,no,yes,yes,yes,4,4,4,1,1,3,0,F,F,F
1245,M,16,T,1,0,no,no,no,yes,4,3,3,1,1,4,6,A+,A+,A+
1246,M,17,T,1,0,no,no,no,yes,5,2,2,1,1,2,4,C,C,C
1247,M,22,T,1,3,no,no,yes,no,5,4,5,5,5,1,16,F,F,F
1248,M,18,T,2,1,no,no,yes,yes,4,3,3,1,3,5,8,F,F,F
1249,M,16,T,1,0,no,yes,no,yes,4,3,2,2,4,5,0,C,B,B
1250,M,18,T,1,1,no,no,no,no,4,4,5,2,4,5,0,F,F,F
1251,M,16,T,2,0,no,no,no,yes,5,3,3,1,3,2,6,F,C,C
1252,M,18,T,1,1,no,no,no,no,3,2,5,2,5,5,4,F,F,F
1253,M,16,T,1,0,yes,no,no,yes,3,3,2,1,3,3,0,F,F,F
1254,M,17,T,1,0,no,no,no,yes,4,4,2,2,4,5,0,F,C,C
1255,M,17,T,1,1,yes,no,no,yes,4,4,4,1,2,5,2,F,F,F
1256,F,17,T,4,0,yes,yes,no,yes,4,2,3,1,1,4,6,B,C,C
1257,M,19,A,2,0,no,no,no,yes,4,3,1,1,1,1,12,C,C,C
1258,M,18,T,2,0,yes,no,no,yes,5,2,4,1,2,4,8,B,B,B
1259,F,17,T,4,0,yes,yes,yes,yes,3,4,1,1,1,2,0,C,F,F
1260,F,18,T,2,0,no,yes,yes,yes,3,1,2,1,3,2,21,A,A+,A+
1261,M,18,T,2,0,no,yes,no,yes,4,3,2,1,1,3,2,F,F,F
1262,M,18,T,3,0,yes,no,no,yes,5,3,2,1,1,3,1,C,C,C
1263,F,17,T,3,0,yes,no,no,yes,3,2,3,1,1,4,4,C,F,F
1264,F,18,T,3,0,yes,yes,yes,yes,4,3,3,1,1,3,0,F,C,F
1265,M,18,A,2,0,yes,yes,no,yes,4,2,5,3,4,1,13,A,A,A
1266,M,17,T,2,0,yes,yes,yes,yes,5,4,4,3,4,5,2,F,F,C
1267,F,18,T,2,0,yes,yes,no,yes,4,3,4,2,2,4,8,C,C,C
1268,M,18,T,2,0,yes,yes,yes,yes,5,4,5,1,3,5,10,C,F,C
1269,F,18,T,2,0,no,no,yes,no,4,3,5,1,2,3,0,F,F,F
1270,F,19,T,2,2,yes,yes,no,yes,4,3,5,3,3,5,15,F,F,F
1271,F,18,T,4,0,yes,yes,yes,yes,4,5,5,1,3,2,4,B,B,B
1272,F,18,T,2,0,no,yes,no,yes,4,4,3,1,1,3,2,C,C,C
1273,M,17,T,2,0,yes,yes,yes,yes,3,5,2,2,2,1,2,B,B,B
1274,F,17,T,2,0,no,yes,yes,yes,4,3,3,1,1,1,2,C,C,C
1275,F,17,T,2,0,no,yes,yes,yes,4,4,4,2,3,5,6,C,C,C
1276,F,18,A,2,0,no,no,yes,no,4,1,1,1,1,5,75,C,F,F
1277,M,18,T,1,0,yes,yes,no,yes,3,2,4,1,4,3,22,F,F,F
1278,F,18,T,2,1,yes,no,yes,yes,2,4,4,1,1,4,15,F,F,F
1279,M,18,T,1,0,yes,yes,no,yes,4,2,3,1,2,1,8,C,C,C
1280,M,17,A,1,0,yes,yes,yes,yes,4,5,4,2,4,5,30,F,F,F
1281,M,17,A,1,1,no,no,no,yes,4,4,4,3,4,3,19,C,F,C
1282,F,18,T,4,0,yes,yes,no,yes,5,2,2,1,1,3,1,C,C,C
1283,F,18,T,2,0,yes,no,no,yes,5,4,4,1,1,4,4,F,F,C
1284,F,17,T,2,0,no,no,no,yes,5,4,5,1,2,5,4,C,F,C
1285,M,17,T,2,0,no,yes,no,yes,4,3,3,1,2,4,2,C,C,C
1286,F,18,T,3,0,no,yes,no,yes,4,3,3,1,2,2,5,A+,A+,A+
1287,F,17,T,3,0,no,yes,no,yes,4,3,3,1,1,3,6,C,C,C
1288,M,18,T,3,0,yes,yes,no,yes,4,2,4,1,3,2,6,B,B,B
1289,M,18,A,2,0,yes,yes,no,yes,5,4,3,1,1,2,9,B,C,B
1290,M,18,T,2,0,yes,yes,yes,yes,4,3,2,1,4,5,11,C,C,C
1291,F,17,T,3,0,no,yes,no,yes,4,2,2,1,2,3,0,B,B,B
1292,F,18,T,2,1,no,no,yes,yes,5,4,3,1,1,5,12,C,C,C
1293,F,17,T,4,0,no,yes,no,yes,3,1,2,1,1,3,6,A+,A+,A+
1294,M,18,T,3,0,yes,yes,no,yes,5,4,2,1,1,4,8,B,C,B
1295,M,17,T,1,0,no,yes,no,yes,4,4,3,1,3,5,4,B,C,C
1296,F,19,T,2,0,yes,yes,no,yes,2,3,4,2,3,2,0,C,F,F
1297,F,18,T,2,0,no,yes,yes,yes,4,4,5,1,2,2,10,C,F,F
1298,F,18,T,4,0,no,yes,no,yes,4,3,3,1,1,3,0,B,C,B
1299,M,18,T,1,0,no,yes,yes,yes,1,4,2,2,2,1,5,A,B,A
1300,F,18,A,2,0,no,no,yes,yes,4,2,4,1,1,4,14,C,C,C
1301,M,17,T,1,0,no,yes,no,yes,4,1,1,2,2,5,0,C,C,C
1302,F,17,T,3,0,no,yes,no,yes,4,3,3,1,1,3,0,B,C,B
1303,F,17,T,4,0,yes,yes,no,yes,5,2,2,1,2,5,0,A,A,A+
1304,M,19,T,2,1,yes,no,yes,yes,4,4,4,1,1,3,20,B,B,C
1305,F,18,T,2,1,yes,yes,no,yes,4,4,3,1,1,3,8,B,C,C
1306,M,20,A,1,0,yes,no,no,yes,5,5,3,1,1,5,0,A,A+,A+
1307,M,19,T,1,1,no,yes,yes,yes,4,3,4,1,1,4,38,F,F,F
1308,M,19,T,2,1,yes,no,yes,yes,4,5,3,1,2,5,0,B,C,C
1309,F,19,T,2,1,yes,no,no,yes,4,4,3,1,3,3,18,C,C,C
1310,F,19,T,2,1,yes,no,yes,yes,4,2,4,2,2,3,0,F,F,F
1311,F,19,T,2,0,no,no,yes,no,3,4,1,1,1,2,20,B,C,C
1312,M,19,T,2,1,no,no,no,yes,4,5,2,2,2,4,3,C,C,C
1313,F,19,T,2,1,no,yes,yes,yes,4,2,2,1,2,1,22,C,C,C
1314,F,19,T,3,2,no,no,yes,yes,4,1,2,1,1,3,14,B,C,C
1315,F,19,T,3,1,no,no,yes,yes,4,1,2,1,1,3,40,C,C,C
1316,F,18,T,2,0,yes,yes,no,yes,5,3,3,1,2,1,0,F,F,F
1317,F,18,T,3,0,yes,yes,yes,yes,4,3,4,1,1,5,9,F,C,F
1318,F,17,T,3,0,yes,yes,no,yes,4,3,4,2,5,5,0,C,C,C
1319,F,18,T,2,0,no,yes,no,yes,4,4,4,3,3,5,2,C,C,C
1320,F,17,A,2,0,no,yes,yes,yes,5,2,2,1,2,5,23,C,C,C
1321,F,17,T,2,0,no,no,yes,yes,4,2,2,1,1,3,12,C,F,F
1322,F,17,T,3,0,yes,yes,no,yes,3,3,2,2,2,3,3,C,C,C
1323,F,17,T,3,0,no,no,no,yes,3,4,3,2,3,5,1,C,B,B
1324,F,17,T,3,0,no,no,no,yes,3,3,3,2,3,2,0,A,B,B
1325,M,18,T,3,0,yes,no,no,yes,4,3,3,2,2,3,3,F,C,C
1326,M,17,T,1,0,yes,no,no,yes,4,3,5,3,5,5,3,B,B,A
1327,M,17,T,1,0,no,no,no,yes,4,4,5,5,5,4,8,C,C,C
1328,F,17,T,3,0,yes,yes,no,yes,5,4,4,1,3,4,7,C,F,F
1329,F,17,T,3,0,no,yes,yes,yes,4,3,3,1,2,4,4,B,B,B
1330,M,18,T,4,0,yes,no,no,yes,4,5,5,2,4,5,2,F,F,F
1331,F,17,T,3,0,no,no,yes,yes,4,4,3,1,1,5,7,C,B,B
1332,F,18,T,2,0,yes,no,no,yes,5,3,4,1,1,4,0,F,F,F
1333,F,18,T,2,0,yes,no,yes,yes,4,3,3,1,1,2,0,F,F,F
1334,F,18,T,4,0,yes,no,no,yes,4,4,4,1,1,4,0,C,F,F
1335,F,17,T,3,0,no,no,no,yes,4,4,5,1,3,5,16,A,B,B
1336,F,19,A,3,1,no,yes,no,yes,5,4,3,1,2,5,12,B,C,C
1337,F,17,T,2,0,no,yes,yes,yes,4,3,2,2,3,2,0,F,F,F
1338,F,18,T,4,0,no,no,no,yes,5,3,3,1,1,1,7,A,B,A
1339,F,17,A,2,0,no,yes,no,yes,4,3,3,2,3,2,4,F,C,C
1340,F,19,T,3,1,yes,yes,yes,yes,4,3,4,1,3,3,4,C,C,C
1341,M,18,T,2,1,yes,no,no,yes,4,3,3,2,2,2,0,C,C,F
1342,M,18,T,2,0,yes,no,yes,yes,4,3,3,1,3,5,11,A,B,B
1343,F,17,A,2,1,no,no,yes,yes,3,3,1,1,2,4,0,F,F,F
1344,F,18,T,3,0,no,no,no,yes,4,3,3,1,2,3,4,C,C,C
1345,F,18,T,3,0,no,no,yes,yes,5,4,3,2,3,1,7,C,C,B
1346,M,18,T,3,0,no,no,yes,yes,5,3,2,1,2,4,9,A,B,A
1347,M,18,T,3,0,no,yes,yes,yes,5,4,5,2,3,5,0,C,C,F
1348,F,17,T,3,0,yes,yes,yes,yes,4,4,3,1,3,4,0,C,B,B
1349,M,18,T,1,1,no,no,no,yes,2,5,5,5,5,5,10,C,C,C
1350,M,19,T,2,3,no,no,no,yes,5,4,4,3,3,2,8,F,F,F
1351,M,17,T,2,0,no,yes,no,yes,4,5,4,2,3,3,2,C,C,C
1352,M,18,T,1,1,no,no,yes,no,4,3,3,2,3,3,7,F,F,F
1353,M,19,T,1,1,no,no,no,yes,4,4,4,3,3,5,4,F,F,F
1354,M,17,T,2,0,yes,yes,yes,yes,4,5,5,1,3,2,4,C,C,C
1355,F,18,T,2,0,no,no,yes,yes,5,3,4,1,1,5,0,C,F,F
1356,F,17,T,2,0,yes,yes,no,yes,4,3,3,1,2,5,4,C,C,C
1357,F,17,A,2,0,no,no,yes,yes,1,2,3,1,2,5,2,C,C,C
1358,M,18,T,1,0,no,no,yes,yes,3,3,2,1,2,3,4,C,C,C
1359,F,18,T,3,0,no,no,no,yes,5,3,2,1,1,4,0,A+,A,A
1360,F,18,A,2,0,no,no,yes,yes,4,3,4,1,4,5,0,C,C,C
1361,M,18,T,2,1,yes,no,no,no,4,4,3,2,3,5,2,C,C,C
1362,F,18,T,2,0,no,no,yes,yes,4,3,2,1,3,3,0,C,C,C
1363,F,17,T,2,0,yes,yes,yes,yes,2,3,4,1,1,1,0,A,B,B
1364,F,17,T,2,0,no,no,no,yes,3,2,2,1,2,3,0,C,C,C
1365,M,18,T,2,0,no,yes,no,yes,3,3,4,2,4,3,4,C,C,C
1366,M,18,T,3,0,no,yes,yes,yes,4,2,2,2,2,5,0,C,C,C
1367,F,17,T,1,1,no,yes,yes,yes,5,2,1,1,2,1,0,F,F,F
1368,F,18,T,1,0,no,yes,yes,yes,5,2,3,1,2,4,0,C,C,C
1369,F,18,T,2,0,no,yes,yes,yes,3,2,2,4,2,5,10,B,C,C
1370,F,19,T,2,2,yes,no,yes,yes,3,2,2,1,1,3,4,F,F,F
1371,M,18,T,1,0,yes,yes,yes,no,4,3,3,2,3,3,3,B,C,C
1372,F,17,T,3,0,yes,no,yes,yes,3,4,3,1,1,3,8,C,C,C
1373,F,17,T,1,0,yes,no,no,yes,3,5,5,1,3,1,14,F,F,F
1374,F,18,T,3,0,no,no,no,yes,5,4,4,1,1,1,0,A+,A+,A+
1375,F,18,T,3,0,no,no,no,yes,4,3,2,1,2,4,2,F,F,C
1376,F,20,T,3,2,no,yes,yes,yes,5,4,3,1,1,3,4,B,B,B
1377,F,18,T,2,0,yes,yes,no,yes,5,4,3,3,4,2,4,F,F,C
1378,F,18,T,2,0,no,yes,yes,yes,4,1,3,1,2,1,0,B,B,B
1379,F,17,T,2,0,yes,yes,no,yes,4,5,4,2,3,1,17,C,C,C
1380,M,18,T,2,0,yes,yes,no,yes,3,2,4,1,4,2,4,B,B,B
1381,M,18,T,1,0,yes,no,yes,yes,4,4,3,1,3,5,5,F,F,F
1382,M,17,T,2,0,yes,no,no,yes,4,4,3,1,1,3,2,C,C,C
1383,M,19,T,1,1,no,no,no,yes,4,3,2,1,3,5,0,F,F,F
1384,M,18,T,1,1,no,yes,no,yes,5,4,3,4,3,3,14,F,F,F
1385,F,18,T,3,0,no,yes,no,yes,5,3,3,1,3,4,2,C,F,C
1386,F,18,T,1,0,yes,yes,yes,yes,4,4,3,2,2,5,7,F,F,F
1387,F,19,T,3,1,yes,no,no,yes,5,4,2,1,2,5,0,F,F,F
1388,F,18,T,2,0,no,yes,no,yes,4,3,4,1,1,1,0,F,F,F
1389,F,18,T,2,1,yes,no,no,yes,1,1,1,1,1,5,0,F,F,F
1390,M,20,A,2,2,no,yes,no,yes,5,5,4,4,5,4,11,F,F,F
1391,M,17,T,1,0,no,no,no,yes,2,4,5,3,4,2,3,B,A,A
1392,M,21,T,1,3,no,no,no,yes,5,5,3,3,3,3,3,C,F,F
1393,M,18,T,1,0,no,no,no,yes,4,4,1,3,4,5,0,C,C,C
1394,M,19,T,1,0,no,no,no,yes,3,2,3,3,3,5,5,F,F,F
1395,F,18,A,2,0,no,no,no,yes,4,3,4,1,1,3,4,F,C,C
1396,F,17,T,2,0,no,no,no,yes,5,3,3,1,1,3,2,F,C,C
1397,F,15,T,2,0,no,no,no,yes,4,3,2,2,3,3,6,C,C,C
1398,F,15,T,3,0,yes,no,yes,yes,3,2,2,1,1,5,0,B,B,B
1399,F,16,T,2,0,no,no,no,yes,4,3,2,1,2,5,0,C,C,C
1400,M,16,T,2,0,yes,no,no,yes,5,4,2,1,2,5,6,C,C,C
1401,M,16,T,2,0,no,no,no,yes,4,4,4,1,1,3,0,C,C,C
1402,F,17,A,2,0,no,no,no,yes,4,1,4,1,1,1,2,C,C,C
1403,M,15,A,2,0,no,no,no,yes,4,2,2,1,1,1,0,B,A,A
1404,M,15,T,2,0,yes,no,no,yes,5,5,1,1,1,5,0,C,C,C
1405,F,15,T,2,0,no,no,no,yes,3,3,3,1,2,2,2,B,B,B
1406,F,15,T,3,0,yes,no,no,yes,5,2,2,1,1,4,0,C,C,C
1407,M,15,T,1,0,yes,no,no,yes,4,3,3,1,3,5,0,C,C,C
1408,M,15,T,2,0,no,no,no,yes,5,4,3,1,2,3,0,C,C,C
1409,M,15,A,3,0,no,no,yes,yes,4,5,2,1,1,3,0,B,B,B
1410,F,16,T,1,0,no,no,no,yes,4,4,4,1,2,2,6,A,A,A
1411,F,16,T,3,0,yes,no,no,yes,3,2,3,1,2,2,10,C,C,B
1412,F,16,T,2,0,yes,no,no,yes,5,3,2,1,1,4,2,C,B,B
1413,M,17,T,1,3,yes,yes,no,yes,5,5,5,2,4,5,2,F,F,F
1414,M,16,T,1,0,yes,no,no,yes,3,1,3,1,3,5,6,C,C,C
1415,M,15,T,2,0,no,no,no,yes,4,4,1,1,1,1,0,C,C,B
1416,M,15,T,1,0,no,yes,no,yes,5,4,2,1,1,5,0,C,C,C
1417,M,16,T,2,0,yes,no,no,yes,4,5,1,1,3,5,0,C,C,B
1418,M,16,T,2,0,yes,no,no,yes,5,4,4,2,4,5,2,C,C,C
1419,F,15,T,3,0,yes,no,no,yes,4,3,2,1,1,5,2,C,C,C
1420,F,16,T,1,0,no,no,no,yes,1,2,2,1,3,5,6,C,C,C
1421,M,15,T,1,0,no,no,no,yes,4,2,2,1,2,5,8,C,C,C
1422,M,15,T,1,0,no,no,no,yes,2,2,4,2,4,1,0,C,C,C
1423,M,16,A,2,0,yes,yes,no,yes,5,3,3,1,1,5,2,C,C,C
1424,M,16,T,2,0,yes,yes,yes,yes,4,4,5,5,5,5,4,C,C,C
1425,M,15,T,2,0,no,yes,no,yes,5,4,2,3,4,5,0,C,C,C
1426,M,15,T,2,0,yes,no,no,yes,4,3,1,1,1,5,2,B,B,B
1427,M,15,T,2,0,yes,no,yes,yes,4,5,2,1,1,5,0,C,B,B
1428,M,15,T,2,0,yes,no,no,yes,5,3,2,1,1,2,0,C,C,C
1429,M,16,T,1,0,no,no,no,yes,5,4,3,1,1,5,4,C,C,C
1430,F,15,T,1,0,yes,no,no,yes,3,5,1,1,1,5,4,C,C,C
1431,M,15,T,3,0,yes,no,no,yes,5,4,3,1,1,4,0,B,B,B
1432,M,16,A,3,0,yes,no,yes,yes,2,4,3,1,1,5,4,C,C,C
1433,F,15,T,3,0,yes,no,no,yes,4,3,2,1,1,5,2,C,C,C
1434,F,15,T,1,0,yes,no,no,yes,4,3,1,1,1,2,8,B,C,C
1435,F,16,T,2,0,yes,no,yes,yes,3,3,3,1,2,3,16,C,C,C
1436,M,15,T,1,0,no,no,yes,yes,5,4,3,2,4,5,8,C,C,C
1437,M,15,T,2,0,yes,no,no,yes,4,3,3,1,1,5,0,B,B,B
1438,M,15,T,1,0,no,no,no,yes,5,4,1,1,1,1,0,F,C,C
1439,F,16,T,2,1,yes,no,no,yes,4,3,3,2,2,5,14,C,C,C
1440,F,15,A,2,0,yes,yes,yes,yes,5,2,2,1,1,5,4,C,C,C
1441,F,16,A,2,0,no,no,no,yes,2,3,5,1,4,3,6,C,C,C
1442,M,16,T,4,0,yes,no,no,yes,4,2,2,1,1,2,2,A,A,A
1443,M,15,T,2,0,no,no,no,yes,4,3,3,2,2,5,4,C,C,C
1444,F,15,T,2,0,yes,no,no,yes,4,4,4,1,1,3,2,C,C,C
1445,F,16,T,2,0,no,no,no,yes,4,3,3,2,3,4,0,B,C,C
1446,F,15,T,2,0,no,no,no,yes,4,3,3,1,1,5,0,A,B,A
1447,M,15,A,1,0,no,no,no,yes,5,5,5,3,4,5,4,C,F,F
1448,F,15,T,1,0,no,no,no,yes,3,3,4,2,3,5,0,C,C,C
1449,F,15,A,1,0,no,no,no,yes,5,3,4,4,4,1,0,C,C,C
1450,F,16,A,2,0,yes,no,yes,yes,5,3,4,1,1,2,2,C,C,C
1451,F,15,A,2,0,yes,no,no,yes,4,3,2,1,1,1,0,B,B,B
1452,M,15,T,2,0,yes,no,no,yes,3,2,2,1,1,5,8,B,B,A
1453,M,15,T,2,0,yes,no,no,yes,4,3,2,1,1,5,0,B,C,B
1454,F,16,T,2,0,no,yes,no,yes,4,2,3,1,1,5,2,A,B,A
1455,F,16,T,2,0,yes,no,no,yes,2,4,4,2,3,4,0,A,A,A
1456,F,16,T,1,0,yes,no,yes,yes,5,5,5,5,5,5,0,C,C,A
1457,F,16,T,2,0,yes,no,no,yes,4,4,3,1,1,1,0,C,C,C
1458,F,16,T,3,0,yes,no,no,yes,3,4,4,2,4,4,0,B,C,C
1459,F,15,T,2,0,yes,no,yes,yes,4,4,4,2,4,2,0,C,C,C
1460,F,16,T,2,0,yes,no,no,yes,5,4,3,1,2,1,2,A,B,A
1461,M,15,A,4,0,yes,no,yes,yes,1,3,3,5,5,3,0,C,C,C
1462,F,16,T,4,0,no,no,no,yes,4,3,3,1,2,5,0,C,F,C
1463,F,15,T,2,0,no,no,no,yes,4,1,3,1,3,4,0,C,C,C
1464,F,15,T,4,0,no,no,no,yes,4,4,2,2,3,3,6,B,B,B
1465,M,16,T,4,0,no,no,no,yes,4,3,2,1,1,5,2,C,C,C
1466,M,15,T,4,0,no,no,no,yes,3,3,3,1,1,3,0,C,F,C
1467,F,15,T,2,0,no,no,yes,yes,3,3,4,2,4,5,2,C,C,C
1468,M,16,T,1,0,yes,no,no,yes,5,3,2,2,2,5,0,C,C,B
1469,F,16,T,2,0,yes,no,no,yes,4,3,3,2,4,5,4,C,C,C
1470,M,15,T,2,0,yes,no,no,yes,4,3,3,2,3,5,0,C,C,C
1471,M,15,T,4,0,yes,no,no,yes,3,4,3,1,1,1,0,C,C,C
1472,F,16,T,4,0,no,no,yes,yes,5,2,3,1,3,3,1,C,C,C
1473,M,17,T,1,3,yes,no,no,no,4,5,1,1,1,3,0,F,F,C
1474,F,16,T,2,0,no,no,no,yes,2,4,3,1,2,3,14,C,C,C
1475,M,15,T,1,0,yes,no,yes,yes,3,2,2,1,3,3,0,C,C,C
1476,M,15,T,3,0,no,no,no,yes,5,3,2,1,2,5,2,C,F,F
1477,F,15,T,2,0,no,no,no,yes,4,4,4,1,1,5,4,C,C,C
1478,M,15,T,2,0,yes,yes,no,yes,5,3,3,1,3,4,2,C,C,C
1479,F,15,T,2,0,yes,no,no,yes,4,3,2,2,3,4,2,C,C,C
1480,F,15,T,2,0,no,no,yes,yes,4,4,4,2,3,5,4,C,C,C
1481,F,16,T,2,0,no,no,no,yes,4,3,4,1,2,2,6,C,C,C
1482,F,15,T,3,0,yes,no,no,yes,5,3,3,1,3,1,4,B,B,B
1483,M,16,T,2,0,yes,no,no,yes,4,4,2,1,1,3,6,C,C,C
1484,M,16,A,2,0,no,no,no,yes,4,1,3,3,5,5,6,F,F,C
1485,F,16,T,3,0,no,no,yes,yes,4,3,3,1,3,4,2,F,C,C
1486,F,15,T,1,0,yes,no,no,yes,4,5,5,1,3,1,6,B,C,C
1487,F,16,T,2,0,no,no,no,yes,3,3,3,2,3,2,0,C,C,C
1488,F,16,T,2,0,yes,no,no,yes,5,3,3,1,1,1,2,C,B,B
1489,M,15,T,4,0,yes,no,no,yes,4,3,4,1,1,4,2,C,C,C
1490,F,15,T,4,0,yes,yes,no,yes,3,1,2,1,1,1,4,C,C,C
1491,M,16,T,1,0,yes,yes,no,yes,3,3,3,1,1,4,6,F,C,C
1492,F,16,T,2,0,no,no,yes,yes,4,3,5,1,1,5,0,C,C,C
1493,F,16,T,1,0,yes,no,no,yes,5,3,4,1,2,1,4,C,C,C
1494,F,16,T,3,0,no,no,no,yes,5,3,5,1,1,3,2,C,C,C
1495,M,16,T,1,0,yes,no,no,yes,4,5,5,5,5,4,12,F,F,F
1496,M,16,T,3,0,yes,no,yes,yes,4,4,3,1,1,4,0,A,A,A
1497,M,15,T,1,0,yes,yes,no,yes,5,3,3,1,1,5,2,C,C,C
1498,F,15,T,2,0,no,no,no,yes,4,3,5,1,1,2,16,C,C,C
1499,M,15,A,2,0,yes,no,no,yes,5,4,4,1,1,1,0,A,A,A
1500,F,15,A,4,0,no,no,no,yes,4,3,3,1,1,4,10,C,C,C
1501,F,15,T,4,0,no,no,no,yes,5,1,2,1,1,3,4,C,C,C
1502,M,16,T,3,0,yes,no,no,yes,5,3,3,1,1,5,4,C,B,B
1503,M,15,T,4,0,yes,no,yes,yes,1,3,5,3,5,1,8,C,C,C
1504,F,16,T,3,0,yes,no,yes,yes,5,4,5,1,1,4,2,B,B,B
1505,M,15,A,1,0,yes,no,no,yes,5,5,3,1,1,4,4,C,B,B
1506,F,16,T,3,0,yes,no,no,yes,4,1,2,1,1,2,4,C,C,C
1507,F,16,T,2,1,yes,no,no,yes,3,1,2,1,1,5,12,F,C,C
1508,M,15,T,1,0,no,no,no,yes,3,5,2,1,1,3,10,A+,A,A+
1509,M,15,T,2,0,yes,no,yes,yes,5,4,2,1,1,5,4,C,F,C
1510,M,16,T,2,0,yes,no,no,yes,5,4,4,1,2,5,6,A,B,B
1511,M,15,T,2,0,yes,no,no,yes,4,4,3,1,1,2,4,A,B,A
1512,M,16,T,1,0,yes,no,no,yes,5,4,2,1,1,5,6,B,B,B
1513,M,17,T,2,1,yes,no,no,yes,5,2,4,1,4,5,14,C,C,C
1514,M,15,T,1,0,no,no,no,yes,3,4,3,1,2,4,2,B,C,B
1515,F,15,T,2,0,no,no,no,yes,3,2,3,1,2,1,0,B,B,B
1516,M,15,T,4,0,yes,no,no,yes,5,5,4,1,2,5,6,B,C,C
1517,F,16,T,2,0,yes,no,yes,yes,4,2,2,1,2,5,2,B,C,C
1518,M,16,T,1,0,yes,no,no,yes,3,4,4,1,4,5,4,C,C,C
1519,F,16,T,2,0,no,no,yes,yes,5,4,4,1,1,5,0,C,C,C
1520,M,15,T,1,0,no,no,no,yes,5,5,5,3,2,5,2,F,F,F
1521,F,15,A,2,0,yes,no,yes,yes,5,3,2,1,1,1,0,C,C,C
1522,F,19,T,2,2,no,no,no,no,3,4,2,1,1,5,0,F,C,C
1523,M,16,T,1,0,yes,no,no,yes,3,5,5,2,5,4,8,B,B,B
1524,M,16,T,3,0,no,no,yes,yes,3,2,3,2,2,1,4,C,C,C
1525,F,15,T,3,0,no,no,yes,yes,4,2,2,2,2,5,0,C,C,C
1526,F,18,T,2,3,yes,no,yes,no,5,4,5,1,3,5,10,C,F,F
1527,F,17,A,1,0,no,no,no,yes,3,2,2,1,2,5,8,C,C,C
1528,F,15,T,1,0,yes,no,yes,yes,4,3,3,1,2,4,6,C,C,C
1529,F,17,T,1,0,no,no,yes,yes,3,4,4,1,3,5,2,C,C,C
1530,F,16,A,1,0,no,no,no,yes,3,2,1,1,4,5,12,B,C,B
1531,M,16,T,1,0,no,no,no,yes,3,2,1,1,1,2,4,F,F,C
1532,F,16,A,1,1,no,no,no,yes,5,3,4,1,1,5,12,C,C,C
1533,M,15,T,2,0,no,no,yes,yes,5,3,3,1,1,5,2,C,C,C
1534,F,15,T,3,0,yes,no,yes,yes,4,3,3,1,1,5,4,C,B,B
1535,M,17,T,2,0,no,no,no,yes,5,4,5,2,4,5,2,C,F,C
1536,F,16,T,2,0,no,no,no,yes,5,1,3,1,1,3,0,B,C,C
1537,M,18,T,1,0,yes,no,yes,yes,3,3,4,4,5,4,2,C,C,C
1538,F,18,A,3,0,yes,no,yes,yes,4,3,3,5,1,5,10,C,C,C
1539,F,16,T,1,0,yes,no,yes,yes,3,3,3,1,2,1,8,C,C,C
1540,F,16,A,1,0,yes,no,yes,yes,4,3,2,1,1,5,4,F,F,C
1541,M,16,T,2,2,no,no,yes,yes,4,4,4,1,3,5,0,C,C,C
1542,F,15,T,1,0,yes,no,no,yes,4,3,2,1,1,5,6,C,B,B
1543,F,15,T,1,1,yes,no,yes,yes,5,5,5,1,1,1,2,F,F,F
1544,M,15,T,4,0,no,no,no,yes,2,2,2,1,1,3,6,F,C,C
1545,F,15,A,2,0,no,no,yes,yes,1,3,2,2,3,1,24,F,F,F
1546,M,16,T,3,0,yes,no,no,yes,5,3,3,1,3,5,0,B,C,C
1547,M,16,T,1,0,yes,no,no,yes,2,3,3,2,2,2,4,C,C,C
1548,F,15,T,3,0,yes,no,no,yes,4,2,2,1,1,5,2,C,C,C
1549,F,16,T,1,0,no,no,no,yes,3,4,4,3,3,1,4,C,C,C
1550,M,17,T,1,0,no,no,no,yes,5,4,5,1,2,5,22,F,F,F
1551,F,15,T,2,0,no,no,no,yes,4,4,2,1,2,5,0,C,C,C
1552,F,15,A,1,0,yes,no,yes,no,4,4,2,1,1,5,0,C,C,C
1553,F,15,T,2,1,no,no,no,yes,3,3,2,1,1,3,2,C,C,C
1554,F,15,T,2,0,no,no,no,yes,4,3,2,1,1,5,6,C,C,C
1555,F,15,T,2,0,no,no,yes,yes,2,3,4,2,4,1,6,C,C,C
1556,M,16,T,1,0,no,no,yes,no,3,3,2,2,1,5,16,F,F,F
1557,M,15,A,1,0,no,no,no,yes,4,5,5,2,5,5,0,C,C,C
1558,M,18,T,1,2,no,no,yes,no,2,3,5,2,5,4,0,C,F,F
1559,M,16,T,1,1,yes,no,yes,yes,4,4,4,3,5,5,6,F,C,C
1560,F,15,T,3,0,yes,yes,yes,yes,4,2,1,2,3,3,2,C,C,C
1561,M,19,T,1,0,no,no,yes,no,4,5,4,1,1,4,6,C,F,C
1562,F,17,T,1,0,no,no,yes,yes,4,2,1,1,1,4,0,C,C,C
1563,M,15,T,2,0,yes,yes,no,yes,4,4,4,1,1,1,0,F,F,F
1564,M,17,T,1,3,no,no,no,yes,2,2,2,3,3,5,14,F,F,C
1565,F,18,T,1,3,yes,no,no,yes,5,2,5,1,5,4,6,C,C,C
1566,M,16,T,1,0,no,no,no,yes,4,2,2,1,2,3,4,C,C,C
1567,M,16,T,2,1,no,no,yes,yes,4,5,5,4,4,5,0,C,C,F
1568,M,16,T,1,2,no,no,no,yes,4,4,5,3,5,5,0,F,F,C
1569,M,17,T,1,1,yes,yes,yes,no,3,3,2,2,2,5,8,F,F,F
1570,M,17,T,2,2,no,no,yes,yes,4,4,4,1,4,3,4,F,F,F
1571,M,15,T,1,0,yes,no,no,yes,4,4,4,2,4,5,2,F,F,C
1572,M,16,T,1,1,no,no,no,no,5,3,3,1,4,2,2,F,F,F
1573,M,17,T,2,0,yes,no,yes,no,5,3,5,1,5,5,0,F,F,F
1574,M,17,T,1,3,yes,no,no,no,4,5,2,1,1,2,10,F,F,F
1575,M,16,T,2,0,no,no,no,no,4,3,5,2,4,4,0,F,C,C
1576,F,16,T,2,0,no,no,yes,yes,4,2,3,1,1,3,0,A,A,A+
1577,F,16,T,2,0,no,no,no,yes,5,1,5,1,1,4,0,C,C,C
1578,F,16,T,2,0,no,no,yes,yes,4,4,2,1,1,3,0,A,A,A
1579,M,16,T,1,1,yes,no,no,yes,3,4,5,2,4,2,4,F,F,C
1580,M,16,T,2,0,yes,no,yes,yes,4,3,2,1,1,3,0,A,A,A+
1581,M,17,T,2,0,yes,no,no,yes,4,4,4,1,3,5,0,C,F,C
1582,F,16,T,2,0,yes,no,yes,yes,4,3,5,1,1,3,0,B,C,C
1583,F,16,T,2,0,yes,no,no,yes,4,4,5,1,1,4,0,B,B,B
1584,M,17,T,2,0,yes,no,no,yes,4,4,4,4,4,4,0,C,C,C
1585,F,16,T,2,0,yes,no,no,yes,3,4,4,1,4,5,0,C,C,B
1586,M,17,T,2,0,yes,no,no,yes,4,3,4,1,4,4,4,C,F,C
1587,M,16,T,1,0,yes,no,yes,yes,4,3,3,3,4,3,8,C,F,C
1588,M,17,T,2,0,yes,yes,yes,yes,5,2,3,1,1,2,4,C,C,C
1589,M,16,T,2,0,yes,yes,no,yes,3,4,3,2,3,3,4,C,C,C
1590,M,16,T,2,0,yes,no,yes,yes,4,2,3,1,2,3,0,C,C,C
1591,F,17,T,2,0,yes,no,no,yes,5,4,2,2,3,5,0,A,A+,A
1592,F,17,T,2,0,yes,no,yes,yes,5,3,3,2,3,1,32,B,C,B
1593,F,16,T,2,0,no,no,no,yes,1,2,2,1,2,1,8,B,B,A
1594,M,17,T,2,0,yes,no,yes,yes,4,3,4,2,3,4,6,C,C,B
1595,M,16,T,1,0,yes,no,yes,yes,3,3,3,1,2,3,0,C,F,C
1596,M,16,T,2,0,yes,no,yes,yes,4,2,3,1,2,5,0,C,B,A
1597,F,17,A,2,0,no,no,yes,yes,3,3,3,1,3,3,10,C,C,B
1598,M,17,T,2,0,no,no,no,yes,3,1,3,1,5,3,6,F,F,C
1599,F,16,T,2,0,no,no,no,yes,4,3,3,1,1,2,6,C,C,C
1600,F,17,T,2,0,yes,no,no,yes,5,3,3,1,1,3,0,C,C,C
1601,M,17,T,2,0,yes,no,no,yes,4,4,4,4,5,5,16,C,C,C
1602,M,16,T,1,0,yes,no,no,yes,4,3,2,3,4,5,0,C,C,C
1603,M,16,T,1,0,no,no,no,yes,5,3,3,1,1,3,0,C,C,C
1604,F,17,T,2,0,yes,no,yes,yes,4,3,2,1,1,5,8,B,B,A
1605,M,17,T,1,0,no,no,no,yes,5,2,3,1,2,5,4,C,C,B
1606,M,16,T,1,0,yes,no,no,yes,3,3,4,3,5,3,16,C,C,C
1607,F,17,T,1,1,no,no,no,yes,4,2,4,2,3,2,30,B,B,A
1608,F,16,T,2,0,no,no,no,yes,4,5,2,1,2,3,0,C,C,C
1609,F,16,T,2,0,yes,no,no,yes,4,3,5,1,5,2,2,B,B,B
1610,F,16,T,2,0,yes,no,no,yes,4,4,3,1,3,4,4,C,C,C
1611,F,17,T,2,0,no,no,no,yes,4,4,4,1,3,1,0,B,B,B
1612,F,17,T,1,0,no,no,no,yes,5,3,2,1,2,3,21,C,C,C
1613,F,16,T,4,0,yes,no,no,yes,5,3,5,1,1,5,6,C,C,C
1614,F,17,T,3,1,no,yes,yes,yes,4,4,3,3,4,5,14,F,F,F
1615,F,16,A,2,0,no,no,no,yes,2,3,3,2,2,4,2,C,C,C
1616,F,16,T,2,0,yes,no,yes,yes,1,3,2,1,1,1,4,B,B,B
1617,F,16,T,1,0,no,no,no,yes,4,3,2,1,4,5,2,C,C,C
1618,F,17,T,3,0,yes,no,yes,yes,4,4,2,1,1,4,0,C,C,C
1619,F,19,T,4,0,yes,no,no,yes,4,3,3,1,2,3,4,C,C,C
1620,M,17,T,2,0,no,no,yes,yes,5,3,5,4,5,3,15,C,C,C
1621,F,16,A,2,0,no,no,no,yes,3,3,4,1,1,4,0,C,C,C
1622,M,18,T,2,0,yes,no,no,yes,4,4,4,2,4,5,10,C,C,C
1623,F,17,T,1,0,no,no,no,yes,5,2,1,1,2,3,6,C,C,C
1624,F,17,T,2,0,no,no,no,yes,4,4,4,1,3,1,2,B,A,B
1625,F,17,T,2,0,no,no,yes,yes,3,4,5,2,4,1,16,C,F,C
1626,M,18,T,2,0,no,no,no,yes,3,2,4,2,4,4,10,C,C,C
1627,F,17,T,1,0,no,no,no,yes,3,3,3,1,4,3,4,C,C,C
1628,F,17,T,3,0,yes,no,no,yes,4,3,3,1,1,4,0,C,C,C
1629,F,17,T,2,0,yes,no,no,yes,4,2,5,1,2,5,0,C,C,C
1630,F,17,T,3,0,yes,no,yes,yes,4,3,4,1,1,5,12,C,C,C
1631,F,16,T,2,0,no,no,no,yes,2,3,1,1,1,3,0,C,C,B
1632,M,18,T,2,3,no,yes,no,yes,3,3,3,5,5,4,9,C,F,C
1633,F,16,T,3,0,yes,no,no,yes,5,3,2,1,1,5,4,B,A,A
1634,F,18,T,2,0,yes,no,yes,yes,5,3,3,1,1,4,4,F,F,F
1635,F,17,T,2,0,yes,no,no,yes,5,3,4,1,3,3,2,A,A+,A
1636,M,17,T,2,0,no,no,no,yes,5,3,3,1,3,3,0,C,C,C
1637,M,18,T,2,0,yes,no,yes,yes,4,3,2,4,5,3,2,F,C,C
1638,F,17,A,3,0,yes,no,yes,yes,3,2,3,1,2,3,0,B,B,A
1639,F,17,T,2,0,yes,no,yes,yes,3,2,3,1,2,3,0,B,C,C
1640,M,17,T,2,0,yes,no,no,yes,4,5,2,1,1,1,0,C,C,C
1641,M,17,T,2,0,yes,no,yes,yes,4,5,5,1,3,2,0,C,C,C
1642,M,16,T,2,0,yes,no,no,yes,4,2,4,2,4,1,0,C,C,B
1643,M,16,T,2,0,no,no,no,yes,3,4,2,1,1,5,2,F,F,F
1644,M,16,T,3,0,yes,no,yes,yes,5,3,3,1,3,2,0,C,C,C
1645,M,17,T,2,0,yes,no,yes,yes,4,4,2,5,5,4,0,A,A,A
1646,F,16,T,1,0,no,no,yes,yes,4,5,2,1,1,5,4,F,C,C
1647,F,16,A,2,0,yes,no,yes,yes,5,3,3,1,2,5,0,B,C,C
1648,F,18,A,2,1,no,no,no,yes,4,3,3,1,1,3,18,C,C,C
1649,F,18,T,2,1,no,no,yes,yes,5,3,1,1,1,5,16,F,F,C
1650,F,18,T,1,1,no,no,no,no,4,1,1,1,1,3,14,F,F,F
1651,M,18,T,1,1,yes,no,yes,no,4,4,3,2,2,1,26,F,F,F
1652,M,17,T,1,0,yes,no,no,yes,4,2,1,1,2,5,6,C,F,F
1653,F,17,T,2,0,yes,no,no,yes,5,4,2,1,1,3,4,B,B,B
1654,F,17,T,3,0,yes,no,yes,yes,4,3,2,1,2,4,10,C,C,C
1655,F,16,T,1,0,no,no,no,no,5,3,5,1,2,5,4,C,C,C
1656,F,17,T,2,0,yes,no,no,yes,2,1,1,1,1,3,2,C,C,C
1657,F,17,A,1,1,no,no,no,yes,5,5,4,1,1,5,14,F,F,F
1658,M,18,T,2,0,no,no,no,no,5,5,4,3,5,2,16,F,F,F
1659,F,17,A,1,1,no,no,no,no,3,1,2,1,1,1,8,C,F,C
1660,F,17,T,3,0,yes,no,no,yes,4,3,3,1,3,5,4,B,B,B
1661,F,17,A,2,0,yes,no,no,yes,4,3,2,1,1,4,4,B,B,B
1662,M,17,T,2,0,yes,no,yes,yes,2,5,5,1,4,5,8,B,B,B
1663,M,17,A,2,0,no,no,no,yes,3,3,3,2,3,4,0,C,C,C
1664,M,16,T,1,0,yes,no,no,yes,5,4,5,1,1,3,7,B,B,B
1665,M,16,T,1,0,yes,yes,no,yes,5,3,2,1,2,5,4,B,B,B
1666,F,17,T,2,0,no,yes,yes,yes,5,3,1,1,4,5,2,C,C,C
1667,M,17,T,3,0,no,no,yes,yes,4,3,3,1,1,1,2,C,B,B
1668,F,17,T,3,0,no,no,yes,yes,4,2,2,2,3,5,10,C,C,C
1669,F,17,T,2,0,no,no,yes,yes,4,3,2,1,1,4,10,C,F,C
1670,F,18,T,3,0,no,no,yes,yes,4,4,4,1,1,3,10,C,C,C
1671,M,16,T,1,0,no,no,no,yes,4,3,3,1,1,4,7,B,A,A
1672,F,17,T,2,0,no,no,no,yes,4,3,4,1,2,5,4,C,C,C
1673,M,17,T,1,0,no,no,no,yes,5,2,2,1,1,2,2,F,C,C
1674,M,22,T,1,3,no,no,yes,no,5,4,5,5,5,1,12,F,F,F
1675,M,18,T,2,0,no,no,yes,yes,4,3,3,1,3,5,8,C,F,C
1676,M,16,T,1,0,no,no,no,yes,4,3,2,2,4,5,0,C,C,C
1677,M,18,T,1,0,no,no,no,no,4,4,5,2,4,5,8,F,F,F
1678,M,16,T,2,1,no,no,no,yes,5,3,3,1,3,2,4,F,C,C
1679,M,18,T,1,2,no,no,no,no,3,2,5,2,5,5,4,F,F,F
1680,M,16,T,1,0,yes,no,no,yes,3,3,2,1,3,3,2,B,C,C
1681,M,17,T,1,0,no,no,no,yes,4,4,2,2,4,5,0,C,C,C
1682,M,17,T,1,1,yes,no,no,yes,4,4,4,1,2,5,0,F,C,C
1683,F,18,A,2,0,no,no,yes,yes,4,3,4,1,3,5,2,C,C,C
1684,F,17,T,4,0,yes,no,no,yes,4,2,3,1,1,4,2,B,B,A
1685,F,19,T,2,0,no,no,no,yes,4,3,3,1,1,5,0,C,C,C
1686,M,18,T,2,1,yes,no,no,no,4,4,5,4,4,5,4,C,C,C
1687,F,17,T,3,0,yes,no,no,yes,4,3,4,1,3,5,2,C,C,B
1688,F,18,T,3,0,no,no,no,yes,4,4,3,2,3,3,4,C,C,B
1689,F,18,T,2,0,no,no,no,yes,3,2,3,1,1,5,4,C,C,C
1690,M,19,A,2,0,no,no,no,yes,4,3,1,1,1,1,4,C,C,B
1691,M,18,T,2,0,yes,no,no,yes,5,2,4,1,2,4,2,A,A,A
1692,M,17,T,1,0,no,no,no,no,5,2,2,1,1,4,0,F,C,C
1693,F,17,T,4,0,yes,no,yes,yes,3,4,1,1,1,2,2,C,C,C
1694,F,20,T,2,0,yes,yes,yes,no,1,2,3,1,2,2,8,C,C,C
1695,F,18,T,2,0,no,no,yes,yes,3,1,2,1,3,2,2,B,B,B
1696,M,18,T,2,0,no,no,no,yes,4,3,2,1,1,3,2,C,C,C
1697,M,18,T,3,0,yes,no,no,yes,5,3,2,1,1,3,2,C,C,C
1698,F,17,T,3,0,yes,no,no,yes,3,2,3,1,1,4,2,B,C,C
1699,F,18,T,3,0,yes,no,yes,yes,4,3,3,1,1,3,0,C,C,C
1700,M,17,T,1,0,no,no,no,no,4,4,4,2,3,4,8,F,F,F
1701,M,18,A,2,0,yes,no,no,yes,4,2,5,3,4,1,6,B,A,A
1702,M,17,T,2,0,yes,no,yes,yes,5,4,4,3,4,5,0,C,C,B
1703,F,18,T,2,0,yes,no,no,yes,4,3,4,2,2,4,8,C,C,C
1704,M,18,T,2,0,yes,no,yes,yes,5,4,5,1,3,5,4,C,C,B
1705,F,18,T,2,0,no,no,yes,no,4,3,5,1,2,3,12,F,F,C
1706,F,19,T,2,0,yes,no,no,yes,4,3,5,3,3,5,16,C,C,C
1707,F,18,T,4,0,yes,no,yes,yes,4,5,5,1,3,2,10,A,A,A
1708,F,18,T,2,0,no,no,no,yes,4,4,3,1,1,3,2,C,C,C
1709,M,17,T,2,0,yes,no,yes,yes,3,5,2,2,2,1,2,A,A,A+
1710,F,18,T,2,0,no,no,yes,yes,4,2,5,1,2,1,8,B,B,B
1711,F,17,T,2,0,no,no,yes,yes,4,3,3,1,1,1,6,B,A,A
1712,F,17,T,2,0,no,no,yes,yes,4,4,4,2,3,5,6,C,C,C
1713,F,18,A,2,0,no,no,yes,no,4,1,1,1,1,5,15,C,F,C
1714,M,18,T,1,0,yes,no,no,yes,3,2,4,1,4,3,6,C,C,C
1715,F,18,T,2,1,yes,no,yes,yes,2,4,4,1,1,4,2,B,C,C
1716,F,17,T,3,0,no,no,yes,yes,4,2,3,1,1,1,8,C,B,B
1717,F,19,T,2,1,no,no,no,no,3,3,3,4,3,3,0,F,F,C
1718,M,18,T,1,0,yes,no,no,yes,4,2,3,1,2,1,0,C,C,C
1719,M,18,T,1,0,no,no,no,no,3,4,4,2,4,4,10,C,C,C
1720,M,17,A,1,0,yes,no,yes,yes,4,5,4,2,4,5,22,C,C,C
1721,M,17,A,1,0,no,no,no,yes,4,4,4,3,4,3,18,C,C,C
1722,F,18,T,4,0,yes,no,no,yes,5,2,2,1,1,3,2,A,A,A+
1723,F,18,T,2,0,yes,no,no,yes,5,4,4,1,1,4,0,C,C,C
1724,F,17,T,2,0,no,no,no,yes,5,4,5,1,2,5,12,C,C,B
1725,F,18,T,2,0,yes,no,yes,yes,4,3,1,1,1,5,10,C,C,B
1726,M,17,T,2,0,no,no,no,yes,4,3,3,1,2,4,0,C,C,C
1727,F,18,T,3,0,no,no,no,yes,4,3,3,1,2,2,0,A+,A+,A+
1728,F,17,T,3,0,no,no,no,yes,4,3,3,1,1,3,0,C,C,B
1729,M,18,T,3,0,yes,no,no,yes,4,2,4,1,3,2,0,B,B,B
1730,M,18,A,2,0,yes,no,no,yes,5,4,3,1,1,2,0,A,A,A
1731,M,18,T,2,0,yes,no,yes,yes,4,3,2,1,4,5,2,B,A,A
1732,F,17,T,3,0,no,no,no,yes,4,2,2,1,2,3,0,A,A+,A+
1733,F,17,T,4,0,no,no,no,yes,3,1,2,1,1,3,0,A+,A+,A+
1734,M,18,T,3,0,yes,no,no,yes,5,4,2,1,1,4,0,B,B,B
1735,M,17,T,1,0,no,no,no,yes,4,4,3,1,3,5,0,B,B,B
1736,F,19,T,2,0,yes,no,no,yes,2,3,4,2,3,2,2,B,C,C
1737,F,18,T,2,0,no,no,yes,yes,4,4,5,1,2,2,0,C,B,B
1738,F,18,T,4,0,no,no,no,yes,4,3,3,1,1,3,0,A,A,A
1739,M,18,T,1,0,no,no,yes,yes,1,4,2,2,2,1,0,A+,A+,A
1740,F,18,A,2,0,no,yes,yes,yes,4,2,4,1,1,4,0,B,B,B
1741,M,17,T,1,0,no,no,no,yes,4,1,1,2,2,5,0,C,C,C
1742,F,17,T,3,0,yes,no,no,yes,5,3,4,1,1,5,0,F,F,F
1743,F,17,T,3,0,no,no,no,yes,4,3,3,1,1,3,0,A,A,A
1744,F,17,T,4,0,yes,no,no,yes,5,2,2,1,2,5,0,A+,A+,A+
1745,M,19,T,3,1,yes,no,yes,yes,4,3,1,1,1,5,0,F,C,C
1746,M,20,A,1,2,yes,no,no,yes,5,5,3,1,1,5,0,B,B,B
1747,M,19,T,2,0,yes,no,yes,yes,4,5,3,1,2,5,0,C,C,C
1748,F,18,T,2,0,no,no,yes,yes,3,4,4,1,2,5,2,C,C,C
1749,F,18,T,2,0,yes,no,no,yes,5,3,3,1,2,1,2,C,C,B
1750,F,17,T,2,0,yes,no,yes,yes,4,2,1,1,1,3,2,C,C,B
1751,F,17,T,1,0,yes,no,no,yes,4,4,4,1,1,5,2,B,A,A
1752,F,18,T,3,0,yes,no,yes,yes,4,3,4,1,1,5,2,B,B,A
1753,F,18,T,1,0,no,no,no,yes,3,2,4,1,4,1,8,C,C,B
1754,F,17,T,3,0,yes,no,no,yes,4,3,4,2,5,5,2,B,B,A
1755,F,18,T,2,0,no,no,no,yes,4,1,4,1,1,3,8,C,C,B
1756,M,19,T,2,0,yes,no,yes,yes,5,4,4,1,1,1,9,C,C,C
1757,F,18,T,2,0,no,no,no,yes,4,4,4,3,3,5,0,C,C,C
1758,F,18,T,1,0,yes,no,yes,yes,5,4,4,1,1,1,4,C,C,B
1759,F,17,T,1,0,yes,no,no,yes,5,3,4,1,2,5,2,B,B,A
1760,F,17,A,2,0,no,no,yes,yes,5,2,2,1,2,5,14,B,B,A
1761,F,17,A,2,0,no,no,no,yes,5,3,3,1,1,5,0,C,C,C
1762,F,17,T,2,0,yes,no,no,yes,4,2,3,2,2,2,2,C,C,B
1763,M,18,T,1,0,no,no,no,yes,4,2,5,3,4,5,2,F,F,C
1764,F,19,T,3,0,yes,no,yes,no,1,5,5,4,3,5,12,C,C,C
1765,F,19,A,2,2,no,no,yes,yes,5,3,4,1,1,4,2,F,F,F
1766,F,18,T,1,0,yes,no,yes,yes,4,3,5,2,4,5,2,C,C,C
1767,F,17,T,2,0,no,no,yes,yes,4,2,2,1,1,3,4,B,C,C
1768,F,17,T,3,0,yes,no,no,yes,3,3,2,2,2,3,0,C,C,C
1769,F,17,T,3,0,no,no,no,yes,3,4,3,2,3,5,0,A,A+,A
1770,F,17,T,3,0,no,no,no,yes,3,3,3,2,3,2,0,B,B,B
1771,F,18,T,3,0,yes,no,no,yes,4,5,5,1,2,2,0,B,B,B
1772,M,18,T,3,0,yes,no,no,yes,4,3,3,2,2,3,0,C,B,C
1773,M,17,T,1,0,yes,no,no,yes,4,3,5,3,5,5,0,A,A+,A
1774,M,17,T,1,0,no,no,no,yes,4,4,5,5,5,4,2,C,C,C
1775,F,17,T,3,0,yes,no,no,yes,5,4,4,1,3,4,0,C,C,C
1776,F,17,T,3,0,no,no,yes,yes,4,3,3,1,2,4,4,B,B,B
1777,F,17,T,1,0,yes,yes,no,yes,4,2,5,2,5,5,2,C,C,C
1778,M,18,T,4,0,yes,yes,no,yes,4,5,5,2,4,5,0,C,C,C
1779,M,19,T,1,0,no,no,yes,yes,5,3,4,2,2,5,0,C,C,C
1780,F,18,T,2,0,yes,no,yes,yes,4,2,5,1,1,2,2,C,F,C
1781,F,17,T,3,0,no,no,yes,yes,4,4,3,1,1,5,0,B,B,B
1782,M,18,T,1,0,no,no,no,yes,5,4,2,1,2,5,6,B,B,B
1783,F,18,T,2,0,yes,no,no,yes,5,3,4,1,1,4,8,C,C,C
1784,F,18,T,2,0,yes,no,yes,yes,4,3,3,1,1,2,0,C,F,C
1785,F,18,T,4,0,yes,no,no,yes,4,4,4,1,1,4,6,B,C,B
1786,F,17,T,3,0,no,no,no,yes,4,4,5,1,3,5,8,C,C,B
1787,F,17,T,2,0,no,no,yes,yes,4,3,2,2,3,2,0,C,C,B
1788,F,18,T,4,0,no,no,no,yes,5,3,3,1,1,1,4,B,B,B
1789,F,17,A,2,0,no,no,no,yes,4,3,3,2,3,2,0,B,B,A
1790,M,18,T,2,0,yes,no,no,yes,4,3,3,2,2,2,0,C,C,C
1791,M,18,T,2,0,yes,no,yes,yes,4,3,3,1,3,5,6,A,A,A
1792,F,17,A,2,0,no,no,yes,yes,3,3,1,1,2,4,18,C,C,B
1793,F,18,T,3,0,no,no,no,yes,4,3,3,1,2,3,0,C,C,B
1794,F,18,T,3,0,no,no,yes,yes,5,4,3,2,3,1,4,B,A,A
1795,M,18,T,3,0,no,no,yes,yes,5,3,2,1,2,4,4,B,B,A
1796,M,18,T,3,0,no,no,yes,yes,5,4,5,2,3,5,0,B,C,B
1797,F,17,T,3,0,yes,no,yes,yes,4,4,3,1,3,4,0,C,C,C
1798,F,17,T,2,0,yes,no,yes,yes,4,3,4,2,2,1,10,C,B,B
1799,F,17,T,2,0,yes,no,no,yes,4,3,5,2,4,4,4,C,A,A
1800,F,19,A,1,1,no,no,no,no,2,2,3,3,4,5,16,C,C,C
1801,F,17,T,1,1,no,yes,yes,yes,4,1,2,1,1,3,6,C,C,C
1802,F,21,T,3,2,yes,yes,no,yes,3,3,2,1,1,5,0,F,C,C
1803,M,18,T,2,0,yes,no,no,no,4,4,4,1,3,3,11,F,C,C
1804,M,18,A,2,0,yes,no,yes,yes,4,3,5,1,4,2,9,C,B,B
1805,F,17,T,2,0,yes,no,no,yes,4,3,4,1,3,4,0,C,A,A
1806,M,17,A,3,0,no,no,no,yes,4,4,2,1,2,4,2,C,B,B
1807,F,18,T,2,0,yes,no,no,yes,4,2,2,1,1,3,0,B,A,A
1808,M,21,T,2,2,yes,no,yes,no,5,3,3,5,2,4,21,F,C,C
1809,F,20,T,3,0,no,no,yes,yes,3,2,2,1,3,3,8,C,B,B
1810,F,19,T,1,1,no,no,yes,yes,3,2,5,4,4,5,5,F,C,C
1811,M,17,A,2,0,no,no,no,yes,4,4,4,1,2,5,10,A,A+,A+
1812,F,18,T,3,0,no,no,yes,yes,4,3,4,1,2,2,5,B,A,A
1813,M,18,T,1,0,no,no,no,yes,3,1,3,4,5,4,13,C,B,B
1814,M,19,T,1,0,no,no,no,yes,5,3,4,1,4,4,10,F,C,C
1815,F,18,A,2,0,no,no,no,yes,4,1,4,1,3,4,10,B,A,A
1816,F,20,T,1,1,no,no,yes,yes,5,3,1,1,1,5,5,F,C,C
1817,F,18,T,2,0,yes,no,yes,yes,3,1,2,1,2,1,4,C,C,C
1818,F,16,T,1,0,no,no,yes,no,4,3,3,1,3,5,11,C,C,C
1819,F,16,T,2,0,yes,no,no,yes,4,4,4,1,1,5,0,C,C,C
1820,F,15,T,1,1,no,no,yes,yes,4,1,3,1,1,2,6,C,C,C
1821,F,15,T,1,0,no,no,no,yes,5,4,4,2,3,5,4,C,C,C
1822,F,16,T,2,0,no,no,no,yes,4,5,2,1,2,5,0,A,A,A
1823,F,15,T,1,0,no,no,no,no,1,3,4,1,1,1,0,F,F,F
1824,M,16,A,2,0,no,no,no,yes,5,3,2,1,3,2,5,C,C,C
1825,M,16,A,3,0,no,no,no,yes,4,4,3,1,1,5,0,C,C,C
1826,F,17,T,2,1,no,no,yes,yes,4,5,4,1,2,5,0,C,C,C
1827,F,17,T,1,1,no,no,no,no,5,4,4,2,2,5,0,F,F,F
1828,F,15,T,1,0,no,no,yes,yes,1,5,1,3,5,5,0,C,B,B
1829,F,16,A,4,0,yes,no,yes,no,1,2,1,1,1,1,4,C,F,C
1830,F,15,T,2,0,no,no,no,yes,5,4,3,1,2,4,0,C,C,C
1831,F,15,T,1,1,no,no,yes,yes,4,4,3,1,2,2,4,F,F,F
1832,F,16,T,1,0,yes,no,no,yes,3,2,3,1,2,2,0,C,C,C
1833,F,17,T,1,0,no,no,no,yes,5,5,5,1,3,3,2,C,C,C
1834,F,15,T,1,0,no,no,no,yes,4,1,3,1,1,4,0,B,A,A
1835,M,16,T,2,0,yes,no,yes,yes,5,4,5,4,5,3,0,F,F,F
1836,M,17,T,2,0,no,yes,no,yes,4,4,3,2,4,5,4,F,F,F
1837,M,15,T,2,0,yes,no,no,yes,5,3,4,1,2,2,0,C,C,B
1838,M,15,T,2,0,yes,no,no,yes,5,3,4,1,2,2,7,F,F,F
1839,M,16,T,2,0,no,no,no,yes,3,4,5,1,2,5,4,F,C,C
1840,M,15,T,2,0,yes,no,yes,yes,5,4,5,2,4,4,8,F,F,F
1841,M,15,T,2,0,yes,no,no,yes,5,3,3,1,1,5,0,C,C,C
1842,M,17,T,1,0,yes,no,yes,no,5,5,5,5,5,3,8,F,C,F
1843,F,16,T,3,0,yes,no,yes,yes,4,2,2,1,1,4,6,A,A,A
1844,F,15,T,1,0,no,no,no,yes,5,1,2,1,1,1,3,C,C,C
1845,F,16,T,2,0,no,no,no,yes,4,5,4,1,2,1,2,B,B,B
1846,M,16,T,2,0,no,no,no,yes,4,3,3,1,1,5,0,C,C,C
1847,F,16,T,2,0,no,no,no,yes,4,4,5,1,1,4,4,F,C,C
1848,F,16,T,3,1,no,no,no,yes,1,3,2,1,2,4,0,C,F,F
1849,F,16,T,3,1,no,no,no,yes,1,3,2,1,2,4,3,F,F,F
1850,F,15,T,2,0,no,no,no,yes,4,4,2,3,3,2,0,F,C,F
1851,F,16,T,2,0,no,no,yes,yes,5,4,3,2,1,2,0,C,B,B
1852,M,17,T,1,0,yes,no,no,yes,5,5,5,5,5,3,4,C,C,C
1853,F,16,T,4,0,no,no,no,yes,4,3,2,1,1,1,0,C,C,C
1854,F,16,T,3,0,no,no,no,yes,4,4,3,1,1,5,2,C,F,C
1855,F,15,T,2,0,yes,no,no,yes,4,3,3,1,1,2,1,C,C,C
1856,F,16,T,1,0,yes,no,yes,yes,4,2,2,4,3,2,0,C,C,B
1857,F,15,T,2,0,no,no,no,yes,4,2,1,1,2,2,0,C,B,B
1858,F,15,T,3,0,no,no,no,yes,4,4,3,2,2,5,2,B,C,C
1859,M,16,T,1,0,yes,no,no,yes,3,4,4,3,4,5,6,C,C,C
1860,F,18,T,2,1,yes,no,yes,yes,3,4,4,2,3,5,9,F,F,F
1861,M,15,T,1,0,no,no,no,yes,3,2,3,1,3,4,0,C,F,C
1862,F,16,T,2,0,yes,no,no,yes,5,3,4,1,1,2,1,B,C,B
1863,M,15,T,1,0,no,no,no,yes,4,3,3,1,2,4,1,C,C,C
1864,M,16,T,2,0,yes,no,yes,yes,4,3,1,1,1,3,0,C,C,C
1865,F,15,T,2,0,no,no,yes,yes,4,5,4,1,1,1,4,C,C,C
1866,F,16,T,2,1,yes,no,no,yes,4,4,4,2,3,5,2,C,C,C
1867,F,16,T,1,0,yes,no,yes,yes,4,3,2,1,1,4,0,B,B,A
1868,M,16,T,1,0,yes,no,no,yes,2,4,3,2,3,4,4,C,F,C
1869,M,15,T,1,0,yes,no,no,yes,4,2,4,3,5,3,2,C,C,C
1870,F,15,T,3,0,yes,no,no,yes,5,3,2,1,1,4,0,C,C,B
1871,F,16,T,1,0,no,no,yes,yes,5,4,3,1,1,5,2,C,F,F
1872,M,15,T,1,0,yes,no,no,yes,4,3,3,2,4,3,11,C,C,C
1873,F,16,T,2,3,no,no,no,yes,3,4,3,1,1,1,0,F,F,F
1874,F,17,T,1,0,yes,no,no,no,4,5,3,1,1,5,4,F,F,C
1875,F,19,T,1,1,no,no,yes,no,4,4,4,1,1,2,0,F,F,C
1876,F,17,T,1,0,yes,no,yes,no,5,5,3,1,1,3,2,F,C,C
1877,F,15,T,1,0,no,no,yes,no,5,2,1,1,3,4,0,F,C,F
1878,F,16,T,2,0,no,no,no,no,3,4,5,1,2,1,1,F,C,C
1879,F,16,A,1,0,no,no,no,no,4,3,4,1,2,1,6,F,F,F
1880,F,17,T,2,0,no,no,no,yes,4,3,5,1,2,4,0,C,C,C
1881,F,16,T,1,1,yes,yes,no,yes,4,4,3,1,4,3,1,F,C,C
1882,F,18,A,3,2,no,no,yes,no,3,3,2,1,1,2,6,F,F,C
1883,F,19,T,3,1,yes,no,yes,no,5,3,1,1,1,3,6,F,F,F
1884,M,18,T,1,1,yes,no,no,no,4,4,3,3,4,4,0,F,F,C
1885,F,18,T,1,1,no,no,yes,no,3,2,3,1,1,2,4,F,C,C
1886,F,19,T,2,1,no,no,yes,yes,1,1,4,4,1,1,12,F,F,F
1887,F,16,A,2,0,no,no,yes,yes,3,3,2,1,1,3,2,F,C,C
1888,F,17,T,1,0,yes,no,no,yes,2,4,4,3,5,5,5,F,F,C
1889,F,16,T,2,0,yes,no,no,no,4,4,5,1,3,3,0,F,F,F
1890,F,16,T,1,0,yes,no,yes,no,4,5,4,1,1,4,0,B,C,C
1891,F,16,T,1,0,yes,no,yes,yes,4,4,4,2,2,4,2,B,B,B
1892,M,17,T,4,1,yes,yes,no,yes,5,4,5,3,4,5,0,C,C,C
1893,F,16,T,2,0,yes,no,no,yes,5,3,3,1,1,1,0,B,C,B
1894,F,16,T,1,0,yes,yes,yes,yes,4,2,5,1,2,5,0,A,A,A
1895,M,17,T,1,1,yes,no,yes,no,5,3,5,5,5,1,12,F,F,F
1896,M,16,T,1,0,yes,no,no,yes,4,2,5,1,5,5,8,B,C,C
1897,M,17,T,4,1,no,no,no,yes,1,3,5,3,5,3,2,C,F,F
1898,F,16,T,4,0,yes,no,no,yes,2,2,1,1,1,5,0,B,B,B
1899,F,19,T,3,0,no,no,yes,yes,5,4,5,1,1,1,0,C,C,C
1900,F,17,T,1,0,yes,no,yes,yes,4,4,5,1,2,5,0,C,C,C
1901,F,20,T,2,1,yes,no,yes,yes,3,3,4,2,4,3,8,C,F,C
1902,F,17,T,3,0,no,no,yes,yes,4,3,3,1,1,3,0,C,C,C
1903,M,17,T,1,1,no,no,no,yes,4,4,5,1,2,5,0,C,F,F
1904,F,16,T,2,0,no,no,no,yes,5,3,2,1,1,1,0,A,A,A+
1905,F,17,T,2,0,yes,no,no,yes,5,3,2,1,1,1,0,B,A,A
1906,F,17,A,2,0,no,no,yes,yes,4,4,5,1,1,4,1,C,F,C
1907,F,18,T,2,1,no,no,yes,yes,4,3,2,1,1,5,9,F,F,F
1908,F,16,T,1,0,yes,no,no,yes,3,1,3,1,3,1,0,F,F,F
1909,F,16,T,1,0,no,no,no,yes,3,1,3,1,4,3,2,F,F,F
1910,F,18,T,2,0,no,no,no,yes,2,3,5,1,4,3,8,F,F,C
1911,F,16,T,2,0,yes,no,yes,yes,4,3,3,2,3,2,0,B,A,A
1912,F,16,T,1,0,yes,no,no,yes,5,4,5,1,4,2,0,B,B,B
1913,F,18,A,2,1,no,no,no,yes,2,3,2,1,3,1,8,F,F,F
1914,M,16,T,2,0,yes,no,no,yes,5,2,1,1,1,2,0,F,F,F
1915,F,16,T,2,0,no,no,no,yes,4,3,2,1,3,5,6,F,F,F
1916,F,16,T,2,0,yes,no,no,yes,3,3,3,1,1,2,0,F,C,C
1917,F,16,T,2,0,no,no,yes,yes,4,3,4,1,2,3,4,F,F,F
1918,M,18,T,4,0,yes,no,yes,no,5,5,5,5,5,5,2,F,F,F
1919,F,16,T,2,0,no,no,no,yes,4,2,1,1,1,2,2,F,F,F
1920,M,17,T,3,0,no,no,no,yes,4,4,3,1,2,5,0,B,B,A
1921,F,17,T,1,0,no,no,yes,yes,4,2,3,1,2,5,1,C,B,B
1922,M,16,T,3,0,no,no,no,yes,5,1,3,2,2,3,0,C,F,C
1923,F,17,T,1,0,no,yes,no,yes,5,1,3,1,2,5,5,F,F,F
1924,F,16,T,1,0,no,no,no,yes,5,1,3,1,2,5,1,C,C,C
1925,M,17,T,1,0,yes,no,no,yes,4,1,4,5,5,3,8,F,C,F
1926,M,17,T,2,0,no,no,yes,yes,5,1,3,3,3,1,0,C,C,C
1927,M,16,T,2,0,no,no,yes,yes,4,2,2,1,4,5,2,F,F,F
1928,F,16,T,2,0,no,no,yes,yes,3,2,2,1,1,3,0,B,B,A
1929,M,16,T,1,0,no,no,no,yes,4,1,2,2,5,5,0,C,C,C
1930,M,15,T,2,0,yes,no,no,yes,5,5,5,1,3,5,11,F,C,C
1931,M,15,A,4,0,yes,no,no,yes,5,4,5,2,3,5,8,C,B,B
1932,M,15,A,1,0,yes,no,no,yes,4,3,3,1,2,5,11,C,C,C
1933,F,16,T,3,0,no,no,yes,yes,4,3,3,2,2,5,2,C,C,C
1934,F,16,T,2,0,yes,no,no,yes,1,2,4,2,2,1,8,F,C,C
1935,F,17,T,1,0,no,no,yes,yes,4,3,3,2,2,1,5,F,C,C
1936,F,17,T,2,0,no,yes,no,yes,5,1,3,1,1,5,0,C,F,C
1937,F,16,T,3,0,no,no,yes,yes,5,3,5,1,4,5,1,C,C,C
1938,M,17,T,1,3,yes,no,yes,yes,3,3,3,1,3,5,2,F,F,F
1939,M,17,T,1,0,yes,no,yes,yes,5,1,2,3,3,5,2,C,C,C
1940,M,17,T,2,1,yes,no,yes,yes,5,4,4,3,4,5,8,F,F,F
1941,F,17,T,2,0,no,no,no,yes,5,2,5,1,1,5,0,C,B,A
1942,M,16,T,1,0,no,no,no,yes,4,1,2,2,1,2,0,C,C,C
1943,F,17,A,2,0,yes,no,yes,yes,4,5,5,1,2,3,2,C,C,C
1944,F,17,T,2,0,no,no,no,yes,4,3,3,2,3,5,0,A,A+,A+
1945,M,16,A,2,0,no,no,yes,yes,4,1,2,2,2,5,0,C,C,C
1946,M,17,T,2,0,no,yes,no,yes,4,1,2,2,2,1,0,C,B,C
1947,M,19,T,2,2,yes,no,no,no,4,4,3,3,4,4,2,F,F,C
1948,M,17,A,1,0,no,no,yes,yes,4,1,2,1,1,5,4,C,C,C
1949,F,17,T,1,0,yes,no,yes,no,3,5,5,2,2,4,3,C,C,C
1950,F,16,T,3,0,no,no,yes,yes,4,3,4,1,1,3,5,C,B,C
1951,M,16,T,1,0,no,no,no,yes,4,4,4,2,4,5,4,F,C,C
1952,F,17,T,2,3,yes,no,yes,yes,5,4,4,1,1,5,2,F,F,C
1953,M,17,T,1,0,yes,no,yes,no,5,5,5,3,5,5,0,F,C,C
1954,M,18,T,1,1,no,no,no,yes,4,3,2,1,1,4,0,C,C,C
1955,M,17,T,1,0,yes,no,yes,yes,4,5,5,1,3,2,0,C,F,C
1956,M,18,T,2,0,yes,no,no,yes,4,3,3,1,4,5,6,C,F,C
1957,F,16,T,2,0,yes,no,yes,yes,5,4,3,1,1,1,0,C,C,C
1958,M,17,T,1,1,yes,no,yes,yes,1,2,1,2,3,5,0,F,F,F
1959,M,16,T,1,0,no,no,no,yes,4,5,5,2,3,5,2,C,F,C
1960,M,16,T,1,0,yes,no,no,yes,4,5,5,2,4,5,0,C,C,F
1961,M,18,T,1,1,no,no,yes,no,5,3,3,2,3,5,2,F,F,F
1962,M,18,T,1,1,no,no,no,no,2,3,1,2,2,5,0,F,F,F
1963,M,19,T,1,3,yes,no,no,yes,3,2,1,1,1,3,4,F,C,F
1964,M,18,T,2,2,yes,no,no,no,4,4,5,1,3,3,9,F,F,F
1965,M,16,T,1,0,yes,no,yes,yes,5,4,3,2,4,4,6,F,F,F
1966,M,19,T,1,3,yes,no,yes,no,4,4,3,1,3,5,4,F,F,F
1967,F,16,A,2,2,yes,no,yes,yes,2,5,5,1,1,1,8,F,F,F
1968,F,17,T,1,0,yes,no,no,yes,4,3,2,1,2,5,9,F,F,C
1969,M,20,T,1,1,no,no,yes,no,4,4,3,2,4,4,12,F,C,C
1970,F,18,A,1,0,no,no,no,yes,5,4,4,3,4,2,8,C,C,C
1971,M,18,T,1,0,no,no,no,yes,2,5,5,5,5,5,8,F,C,C
1972,M,19,T,2,1,no,no,no,yes,5,4,4,3,3,2,8,C,F,C
1973,M,17,T,2,1,no,no,no,yes,4,5,4,2,3,3,4,F,F,C
1974,M,18,T,1,0,no,no,yes,no,4,3,3,2,3,3,0,F,C,F
1975,M,19,T,1,1,no,no,no,yes,4,4,4,3,3,5,4,F,F,C
1976,F,18,A,2,2,no,no,no,yes,4,3,3,1,1,5,2,F,F,F
1977,F,19,A,1,0,no,no,no,no,1,4,4,1,1,5,0,F,F,F
1978,F,18,T,1,1,no,no,yes,no,5,5,5,1,1,3,0,F,F,F
1979,F,17,T,1,0,no,no,no,yes,4,4,3,1,1,5,0,C,C,C
1980,F,17,A,3,0,no,yes,no,no,4,2,3,2,2,3,5,F,F,F
1981,F,17,T,2,0,yes,no,no,yes,5,5,5,1,3,5,0,F,F,F
1982,F,18,T,2,1,yes,no,no,yes,2,3,3,1,2,4,3,F,F,F
1983,F,17,T,1,0,no,no,yes,yes,3,2,2,1,1,5,0,F,C,F
1984,F,17,T,1,0,no,no,no,yes,5,5,1,1,1,3,0,F,C,C
1985,F,18,T,2,2,yes,no,yes,yes,3,4,4,2,2,5,3,F,F,F
1986,F,18,T,2,0,yes,no,no,yes,4,3,5,1,1,1,2,C,C,B
1987,F,17,T,1,0,no,no,no,yes,4,4,3,1,1,4,0,C,C,C
1988,F,18,A,2,0,no,no,no,yes,4,4,3,1,2,4,0,C,C,B
1989,F,18,T,2,0,yes,no,no,yes,4,3,5,1,2,1,0,A+,A+,A+
1990,M,18,T,1,0,yes,no,no,yes,5,4,5,1,1,5,3,A,A,A
1991,F,17,T,2,0,no,no,no,yes,4,3,3,1,2,4,0,A,A+,A+
1992,F,18,T,2,1,yes,no,yes,yes,4,3,3,1,1,4,0,F,F,F
1993,M,18,T,1,0,no,no,no,yes,4,1,4,5,5,1,8,C,C,C
1994,M,18,T,1,0,yes,yes,yes,yes,2,5,5,1,1,1,5,C,C,B
1995,M,17,T,1,0,no,no,no,no,4,2,3,3,4,4,4,C,C,B
1996,F,18,T,2,0,no,no,yes,yes,1,3,1,1,1,2,4,F,F,C
1997,F,18,T,3,0,no,no,yes,yes,5,4,5,1,4,3,0,C,C,C
1998,F,18,A,2,0,yes,no,yes,yes,5,3,1,1,1,5,0,F,F,F
1999,F,18,T,2,1,no,no,no,no,4,4,2,1,2,2,2,F,C,C
2000,F,19,T,1,1,no,no,no,no,5,5,5,2,3,2,0,F,F,F
2001,F,17,T,4,0,no,no,yes,yes,4,2,3,3,1,5,0,A+,A+,A+
2002,F,17,A,2,0,yes,no,yes,yes,5,3,3,1,2,2,5,C,C,C
2003,F,18,A,2,0,no,no,yes,yes,5,2,3,1,2,3,2,F,C,C
2004,F,18,T,2,0,no,no,no,no,4,1,1,1,1,4,0,C,C,C
2005,F,19,A,2,3,yes,no,yes,no,3,5,4,1,4,1,0,F,F,F
2006,F,18,T,3,0,no,no,yes,yes,4,2,1,1,1,4,5,B,B,B
2007,M,17,T,2,1,yes,yes,yes,yes,4,5,5,1,3,2,4,C,C,C
2008,F,18,T,2,0,no,no,yes,yes,5,3,4,1,1,5,0,C,C,C
2009,F,17,T,2,0,yes,yes,no,yes,4,3,3,1,2,5,2,C,C,C
2010,F,17,A,2,0,no,no,yes,yes,1,2,3,1,2,5,0,B,B,B
2011,M,18,T,1,0,no,no,yes,yes,3,3,2,1,2,3,2,B,C,B
2012,F,18,T,3,0,no,no,no,yes,5,3,2,1,1,4,0,A+,A,A+
2013,F,18,A,2,0,no,no,yes,yes,4,3,4,1,4,5,0,A,B,B
2014,F,18,T,2,0,no,no,yes,yes,4,3,2,1,3,3,6,C,C,C
2015,F,17,T,2,0,yes,no,yes,yes,2,3,4,1,1,1,4,B,B,B
2016,F,17,T,2,0,no,no,no,yes,3,2,2,1,2,3,0,C,C,C
2017,M,18,T,2,0,no,yes,no,yes,3,3,4,2,4,3,0,F,C,F
2018,M,18,T,3,0,no,no,yes,yes,4,2,2,2,2,5,0,B,A,A
2019,F,17,T,1,1,no,no,yes,yes,5,2,1,1,2,1,0,F,F,F
2020,F,18,T,1,0,no,no,yes,yes,5,2,3,1,2,4,0,C,C,C
2021,F,18,T,2,0,no,no,yes,yes,3,2,2,4,2,5,0,F,F,F
2022,M,18,T,1,0,yes,no,yes,no,4,3,3,2,3,3,3,F,C,C
2023,F,17,T,3,0,yes,no,yes,yes,3,4,3,1,1,3,8,C,C,C
2024,F,17,T,1,0,yes,no,no,yes,3,5,5,1,3,1,4,F,F,F
2025,F,18,T,3,0,no,no,no,yes,5,4,4,1,1,1,0,B,A,A
2026,F,18,T,3,0,no,no,no,yes,4,3,2,1,2,4,4,C,C,C
2027,F,19,T,2,1,no,no,yes,yes,4,3,3,1,1,3,4,F,F,F
2028,F,18,T,2,0,yes,no,no,yes,5,4,3,3,4,2,1,C,B,B
2029,F,18,T,2,0,no,no,yes,yes,4,1,3,1,2,1,1,A,A,A
2030,F,17,T,2,0,yes,no,no,yes,4,5,4,2,3,1,10,F,F,F
2031,M,18,T,2,0,yes,no,no,yes,3,2,4,1,4,2,4,A,A+,A+
2032,M,18,T,1,0,yes,no,yes,yes,4,4,3,1,3,5,0,F,F,F
2033,M,17,T,2,0,yes,no,no,yes,4,4,3,1,1,3,4,B,B,A
2034,M,19,T,1,1,no,no,no,yes,4,3,2,1,3,5,0,F,F,F
2035,M,18,T,1,1,no,yes,no,yes,5,4,3,4,3,3,0,F,F,F
2036,F,18,T,3,0,no,no,no,yes,5,3,3,1,3,4,0,B,A,B
2037,F,17,T,2,0,no,no,no,yes,5,5,4,1,1,1,0,F,F,C
2038,F,18,T,1,0,yes,no,yes,yes,4,4,3,2,2,5,4,F,F,C
2039,F,19,T,3,1,yes,no,no,yes,5,4,2,1,2,5,4,C,C,C
2040,F,18,T,2,0,no,no,no,yes,4,3,4,1,1,1,4,B,B,A
2041,F,18,T,2,0,yes,no,no,yes,1,1,1,1,1,5,6,C,C,F
2042,M,17,T,1,0,no,no,no,yes,2,4,5,3,4,2,6,C,C,C
2043,M,18,T,1,0,no,no,no,yes,4,4,1,3,4,5,4,C,C,C
